Accession,Binds,Source,Binds_prob,Binds_predicted
AGG55737,0,Train,6.174763258135419e-05,0
AY613953,1,Train,0.9999996411204923,1
ARB07599,1,Train,0.9829613558303923,1
AB257344,1,Train,0.9989108201997599,1
AB263618,1,Train,0.9984954379250432,1
QEG03757,1,Train,0.9891911477220751,1
AIY60528,1,Train,0.9993948623844513,1
ATG84767,1,Train,0.9993633047784247,1
AKJ21959,0,Train,0.00017349640844173817,0
AZU90731,1,Train,0.999503736676139,1
ATG84679,1,Train,0.9995118328209565,1
AKP80596,0,Train,0.00013715671497400688,0
AGT51461,1,Train,0.9356566822696896,1
ATG31100,0,Train,0.0001569011097760947,0
QCQ20050,0,Train,0.00047359077328383537,0
ASU91208,1,Train,0.9995470523969755,1
AKJ22121,0,Train,0.00019193693157040174,0
APQ31244,0,Train,0.00014348947661716412,0
AWM11456,0,Train,0.00021569507003137972,0
AVU05494,0,Train,0.00016074745112848034,0
QCO95422,0,Train,0.00011252696544321096,0
ARE29961,1,Train,0.9945752762081177,1
AKJ22013,0,Train,0.0001975418293244477,0
QCO95428,0,Train,8.090953197766715e-05,0
QBF80532,1,Train,0.9994895813023327,1
ART84250,0,Train,0.0006811473178306732,0
AZL47228,0,Train,7.691730948279332e-05,0
DQ514531,1,Train,0.9991534135347349,1
AST12964,1,Train,0.9899691102871628,1
ABN10848,1,Train,0.803802500193759,1
ADO39828,0,Train,0.0004157664083737471,0
AWQ28488,0,Train,0.0003452945485656728,0
AVK87318,1,Train,0.9994350251013913,1
AKJ21941,0,Train,0.00014782482584525943,0
QDF43805,0,Train,0.0024912803570254394,0
DQ412628,1,Train,0.9989416978243968,1
QCQ19816,0,Train,0.00012185779570716426,0
ARB07406,1,Train,0.9926862400899278,1
ACT10927,0,Train,0.002064937451330845,0
AKJ21755,0,Train,0.00013126664394568071,0
AYR18448,0,Train,0.0025710686214229666,0
ACN89743,0,Train,0.0022646153784958655,0
AQY61719,0,Train,0.00015542078429009372,0
AY559089,1,Train,0.9712107894922247,1
AHL38184,0,Train,0.00022913101044124573,0
ATG84877,1,Train,0.9993339449944916,1
QBF80565,1,Train,0.9994557951480514,1
YP_001718605,0,Train,8.947770881503547e-05,0
AFE48827,0,Train,0.049060293015663656,0
AFG25760,0,Train,0.0008985926195665063,0
AID56715,0,Train,0.0001393274138658416,0
ADN03339,1,Train,0.9913700585350155,1
ALM31938,0,Train,0.00013274273004064763,0
AIN52130,0,Train,0.00015901093457835886,0
AYR18430,0,Train,4.420342068113793e-05,0
ADO39839,0,Train,5.147145861368952e-05,0
AHI48517,1,Train,0.9993953762947667,1
AZP53858,0,Train,0.0005468691282055429,0
AQK38168,0,Train,0.00019624440450197346,0
AYR18400,0,Train,0.00020072147586953185,0
AID56691,0,Train,0.00017370485770464483,0
AWM11474,0,Train,0.0002681353018416879,0
AY304489,1,Train,0.9982004255870095,1
GQ153548,1,Train,0.18878007043918216,0
QER78627,0,Train,0.00021678960920312916,0
ALF39589,0,Train,0.0002180275379863938,0
QCQ20044,0,Train,0.00041845529955530637,0
AFB74179,0,Train,0.00022571948685085337,0
ATQ39390,1,Train,0.8533352537392681,1
QED88040,1,Train,0.9957385965001938,1
AHC03502,0,Train,0.0001325027816489784,0
MK211376,1,Train,0.9173557655379068,1
AKN24803,1,Train,0.9993068435430362,1
ALA50256,1,Train,0.9937394182929417,1
AYR18567,0,Train,3.885637777626568e-05,0
AJP67426,0,Train,3.826886077192259e-05,0
AVV61900,1,Train,0.9993059325652383,1
AIV41795,1,Train,0.9314413900015364,1
AGT51610,1,Train,0.9467039214145376,1
AGT51600,1,Train,0.9892545803711427,1
KU973692,0,Train,0.06797787124410358,0
DQ412606,1,Train,0.982121129729504,1
AY687362,1,Train,0.998142869586346,1
AJP67444,0,Train,0.00022898820107912472,0
ACT10887,0,Train,0.0006304017805906054,0
AKJ85723,0,Train,0.0005999814562509297,0
ACJ35486,1,Train,0.12303501324590847,0
AKJ21749,0,Train,9.96787262374693e-05,0
KC881006,1,Train,0.9657584129044392,1
DQ412615,1,Train,0.9990752800975266,1
QDZ36662,0,Train,0.00011179969179116754,0
AFD98827,1,Train,0.9954363819877488,1
ARE29990,1,Train,0.9967555903892606,1
AGT51380,1,Train,0.9978537698918583,1
AY648300,1,Train,0.9984030684780602,1
ANI85782,0,Train,0.00011510326995972711,0
AKJ22091,0,Train,0.00010556754288114743,0
QBA57552,0,Train,0.00010508849501913191,0
AYR18467,0,Train,5.111924718507875e-05,0
AZL47234,0,Train,0.000290406146934785,0
QEG03748,1,Train,0.9966557881592786,1
QBO24657,0,Train,0.00016452795621669456,0
QFP92265,0,Train,7.538124172830416e-05,0
AEK25511,0,Train,8.81025073193713e-05,0
ALA49396,1,Train,0.999450438354816,1
AID56865,0,Train,0.00014131117827544207,0
ASA40103,0,Train,0.0003079946277094697,0
QCQ19912,0,Train,0.00024171428541959299,0
AYR18513,0,Train,0.00013630542851865784,0
AHA38146,0,Train,0.00017526318040510055,0
AGT51570,1,Train,0.9840441797264863,1
AXX83345,1,Train,0.9917922701704265,1
AY613947,1,Train,0.999366929507282,1
AID56751,0,Train,0.0001773358141973314,0
ABP38313,0,Train,0.21199319420889778,0
ATG84701,1,Train,0.9992473258176119,1
AKH45338,0,Train,0.000111606559106741,0
FJ882963,1,Train,0.9990077011494534,1
ANA67918,0,Train,0.00029961969011316523,0
ACT10937,0,Train,8.473438219427306e-05,0
QEG03767,1,Train,0.9869417674044147,1
QHA24665,0,Train,0.16881508061617703,0
ASY91957,0,Train,0.00014662419188147039,0
FJ882931,1,Train,0.9988659791587801,1
AMD11130,0,Train,0.00010473571683894883,0
QDF43840,0,Train,5.9066695858777426e-05,0
AKJ21791,0,Train,0.00020662652174073336,0
QCQ19996,0,Train,0.00019011192082651708,0
QFG01706,0,Train,0.0004364687740262136,0
AGT51481,1,Train,0.9836732760067597,1
AZP03043,0,Train,9.917597649794431e-05,0
ABC70719,1,Train,0.9871588443401457,1
YP_001039971,0,Train,0.004381471020209361,0
QEY10649,1,Train,0.6496590938429776,1
AQN78672,1,Train,0.9922077290793592,1
AY559097,1,Train,0.9833467887159337,1
AID56901,0,Train,0.00013897316790367395,0
AID57021,0,Train,0.00015716311757989549,0
AY394986,1,Train,0.9981850803873783,1
ANI85794,0,Train,0.00020038813011495464,0
AGG55745,0,Train,0.0003741780179304644,0
AFX81098,0,Train,0.003154996289790308,0
MG772933,0,Train,0.06980253082894017,0
QEG03785,1,Train,0.9952655506534891,1
ARE30008,1,Train,0.9981250457308928,1
ARK08679,1,Train,0.9926469316375851,1
AHA38132,0,Train,0.00016416369587655616,0
QCI31480,1,Train,0.9994871850255612,1
AMD11219,0,Train,0.0001599450594909885,0
ASU90527,1,Train,0.9994375559928175,1
AHY21469,1,Train,0.9991764784223438,1
QBF80554,1,Train,0.9994389767152276,1
EU371564,1,Train,0.9985798154092705,1
ANA67908,0,Train,0.0002597829142088464,0
AMC39584,0,Train,0.00011379559964779663,0
AMB66488,0,Train,9.207235114166382e-05,0
QEY10657,1,Train,0.7099062435728404,1
AIV41987,1,Train,0.9973360220938482,1
AGT51650,1,Train,0.98991528999699,1
ASU90802,1,Train,0.9995334274677933,1
AKJ22085,0,Train,0.00010071530371892506,0
AGW27863,1,Train,0.9824784572753453,1
AID56703,0,Train,0.0002220012897165027,0
AFU92095,0,Train,0.0001589527597642459,0
AFH55121,0,Train,0.019226901413316396,0
AY687355,1,Train,0.998387812012308,1
AY572038,1,Train,0.9981287291082388,1
AVU05361,0,Train,0.00015595076609065776,0
ACT11019,0,Train,0.11103187244855418,0
AFD98820,1,Train,0.9948823235392046,1
APX42119,0,Train,0.0004050849461885354,0
AIA62271,0,Train,0.0003015967260040566,0
ANC28667,1,Train,0.9994356841776196,1
KJ473811,0,Train,0.030095369028829335,0
QCO95416,0,Train,0.0001618865589388685,0
AY613952,1,Train,0.9981752984675397,1
ATG84910,1,Train,0.9995250930179951,1
AKJ22019,0,Train,0.00013009472278533606,0
AVI57403,0,Train,0.03233685161417439,0
ASU45818,1,Train,0.999511309310776,1
ACN89723,0,Train,0.01865704322656579,0
YP_003767,1,Train,0.9957570484141748,1
AKJ21773,0,Train,0.00014183778624752733,0
ASO96550,0,Train,0.000596157009817331,0
AY278489,1,Train,0.9989834052770894,1
AY545919,1,Train,0.9980039455293019,1
QBP84704,1,Train,0.9938584926566696,1
AVR40344,1,Train,0.9901237644080543,1
AYR18493,0,Train,3.3628521002994386e-05,0
AID57063,0,Train,0.00016271381620379808,0
AHI48550,1,Train,0.9995201427001073,1
AJP67414,0,Train,0.00010937488734260478,0
AKJ21767,0,Train,0.00010164455484393747,0
AHY04230,0,Train,0.00015099661783470126,0
ANY27031,0,Train,0.0001320395127979191,0
ATG84756,1,Train,0.9993425259644971,1
AID56727,0,Train,0.00014389498962258257,0
AGT51551,1,Train,0.9488018867557717,1
QCX35167,0,Train,0.006839542997853527,0
QBO24651,0,Train,0.00013691526528336124,0
QCQ19798,0,Train,0.00016979906540576248,0
QEE80059,0,Train,0.00030152050195100306,0
ACN71196,0,Train,3.2706528186482495e-05,0
AY687365,1,Train,0.9982608808337969,1
AIV41909,1,Train,0.9968174759971449,1
QDF43800,0,Train,0.00020945810353762017,0
ATG84855,1,Train,0.9995230087363667,1
QED88033,1,Train,0.9983253681799432,1
DQ412594,1,Train,0.9985257996147654,1
AKM76239,1,Train,0.9994608734897147,1
ARC95203,0,Train,0.017201224059903278,0
FJ882950,1,Train,0.9988701992840879,1
AY545915,1,Train,0.998772663329342,1
AKS50222,0,Train,0.00015551923074446324,0
AVU05452,0,Train,0.00016645791956548358,0
AXN92260,1,Train,0.9993287903744373,1
ALA50080,1,Train,0.8389971510772473,1
AKJ21725,0,Train,0.00016457218191974536,0
ANF29272,1,Train,0.9992908594796239,1
AIV41897,1,Train,0.9627698992555113,1
AKJ22133,0,Train,0.0001119317411400556,0
AXX83309,1,Train,0.9825230853029698,1
YP_009019182,0,Train,0.004385201004101832,0
AY278490,1,Train,0.9988951914371507,1
APG30998,0,Train,0.00019573726117985446,0
AIV41891,1,Train,0.9956937586779001,1
ASU45807,1,Train,0.9994283713027527,1
AOS89611,0,Train,0.00027113196294938714,0
AFU35753,0,Train,0.00010127726188691257,0
AJO26983,0,Train,0.0001960845337917255,0
AMZ01557,0,Train,0.00023913850581726404,0
ANA67917,0,Train,0.00026612481266464214,0
ARK08627,1,Train,0.9958072853268815,1
AMD11230,0,Train,0.00013098737862204436,0
AKJ21821,0,Train,0.00041636483146468276,0
AVU05340,0,Train,9.591162508542642e-05,0
AID56937,0,Train,0.00019356982092350532,0
AHN10812,1,Train,0.9995275132181565,1
AUM60024,1,Train,0.9626888757121094,1
AKN24830,1,Train,0.9993689842602812,1
AGT51366,1,Train,0.9948385604323596,1
ALA50151,1,Train,0.9947854812085454,1
AKA65829,0,Train,0.017691764271504613,0
ASB16887,0,Train,0.0003987587305515794,0
YP_008439202,0,Train,0.14142365894357023,0
AIZ48760,1,Train,0.9994243528015939,1
AGV08584,1,Train,0.9995562262538926,1
QCC26581,0,Train,0.00016812705094241206,0
ANA67913,0,Train,0.00015216787698195527,0
QHA24703,0,Train,0.0014996352576156398,0
ADC35472,0,Train,0.0020629886775049367,0
ABD75545,1,Train,0.9824256728940397,1
QBM11748,1,Train,0.9991425232170572,1
AY394997,1,Train,0.9987641292489469,1
AY707461,1,Train,0.9732886383315541,1
ADL71476,0,Train,0.00025166277899837914,0
AQN78776,1,Train,0.9955490743208916,1
ASY91956,0,Train,0.0001301400762072779,0
AFW98998,0,Train,0.00017814678075246424,0
AFB74178,0,Train,0.0002507141278290748,0
ATN37888,0,Train,0.023915424881689486,0
AXX83369,1,Train,0.9844198803322654,1
AJP67408,0,Train,8.172437872524247e-05,0
AOM53008,0,Train,0.0004975842989910558,0
AXX83351,1,Train,0.9821463783849439,1
ALA49671,1,Train,0.9995824367726276,1
AXX83327,1,Train,0.9828158236778829,1
ASU90142,1,Train,0.9995670677481708,1
AMN88686,1,Train,0.9822692256317854,1
ANI69835,1,Train,0.9996039259473499,1
AY687370,1,Train,0.9975254239169681,1
AIV41819,1,Train,0.9969965860693643,1
AMD11124,0,Train,0.00013863451967504836,0
AKJ21857,0,Train,0.0001929618236922131,0
DQ412614,1,Train,0.9988708739625922,1
ALA49957,1,Train,0.9996077627171283,1
YP_009513010,0,Train,0.10202430347777533,0
ADL71446,0,Train,0.00026598155752899187,0
AVZ61129,0,Train,0.12524349666227227,0
AY394988,1,Train,0.9987624165913727,1
AY687360,1,Train,0.999080385503652,1
ARJ54146,0,Train,0.0002661298042167622,0
AVI15011,0,Train,0.20921654720190414,0
AEN19366,1,Train,0.9979881277227707,1
QCQ19936,0,Train,0.00015261694688646307,0
AKH45326,0,Train,1.661572231174075e-05,0
AY686863,1,Train,0.9975280035735276,1
AVU05445,0,Train,0.0002438574872454596,0
YP_173238,1,Train,0.9862379364733342,1
AST13215,0,Train,4.830477980422814e-05,0
AVK78141,0,Train,0.0001293369858175628,0
ABP87990,0,Train,0.014118064352292107,0
AJP67450,0,Train,0.00041489369769080053,0
AXN92228,1,Train,0.9994263964523498,1
ABP38279,0,Train,0.1300312094982229,0
AZL47198,0,Train,0.00023507967624212194,0
AOC38021,0,Train,6.51798292764442e-05,0
AKJ21953,0,Train,0.00019654781989231516,0
ASL68941,1,Train,0.9320725560260118,1
AYR18481,0,Train,0.00025657887049103465,0
ACT10916,0,Train,0.0001795092621428423,0
QAS69029,0,Train,0.0017086932376849753,0
ALA50144,1,Train,0.9954850736183125,1
AFX81108,0,Train,0.0025633747184294095,0
QBR98161,0,Train,0.00013869534953993905,0
FJ882940,1,Train,0.9985184105637831,1
AFD97607,0,Train,0.019946736335800085,0
AGN29320,0,Train,0.0005544365837390336,0
AWM11480,0,Train,0.00014541586114765118,0
AFD98785,1,Train,0.994814007493849,1
QCO95398,0,Train,8.988816116686713e-05,0
AQW35013,0,Train,0.00033445821041803677,0
AXX83297,1,Train,0.9844277274327647,1
AVU05431,0,Train,0.00017684933454831565,0
AGT17749,0,Train,0.020233205002331847,0
AKJ21743,0,Train,0.00011710399868231489,0
AGT21360,1,Train,0.9906454615739009,1
AGV08492,1,Train,0.9993312305453296,1
AIX09799,1,Train,0.9964164071832503,1
QCC26595,0,Train,0.00016451284290819673,0
GU553363,1,Train,0.9986164862187841,1
KY417143,1,Train,0.31393550230727363,0
QDF43790,0,Train,0.0005070314826663793,0
ARB07438,1,Train,0.9581458616707871,1
ATG84833,1,Train,0.9991926111613717,1
QCQ19960,0,Train,0.0001643285490150243,0
ASU62488,0,Train,5.7385042028635245e-05,0
QCQ19966,0,Train,0.00016896243092425826,0
ADL71497,0,Train,0.0011226583343318676,0
AGT51412,1,Train,0.9459440680986377,1
ABN10919,0,Train,0.001308237577565558,0
ALA49451,1,Train,0.9995711420105908,1
AVM80466,0,Train,0.0017482157973997415,0
APX42137,0,Train,0.0004635492961091979,0
AQW35007,0,Train,0.00012371585208784976,0
AVU05417,0,Train,0.0001993917383792609,0
AIV41849,1,Train,0.9806969739068676,1
ARE29979,1,Train,0.9920419402283652,1
NP_150077,0,Train,0.1115721770639746,0
KC881005,1,Train,0.7957980459928342,1
AUF40275,0,Train,0.025637779349681363,0
AID56955,0,Train,0.00012590300472022005,0
ARK08661,1,Train,0.9911132245741566,1
AXN73514,1,Train,0.9996065203678485,1
AFP36389,0,Train,0.00010743848227967362,0
AJO27003,0,Train,0.00016436849640511243,0
QHA24687,0,Train,0.7863936554411491,1
AVU05396,0,Train,0.0001305974426787095,0
AKJ22115,0,Train,8.634485895244293e-05,0
QCQ19900,0,Train,4.704230800232096e-05,0
ATN39872,1,Train,0.9951270553891607,1
ARC95219,0,Train,0.02397457390457559,0
ASU89966,1,Train,0.9994966525140734,1
AHF20045,0,Train,7.751696076040615e-05,0
AGT51700,1,Train,0.9902846564528907,1
AMD11175,0,Train,0.0001306212214101408,0
AVK87417,1,Train,0.9995258038488108,1
ASU90241,1,Train,0.9996080849884231,1
ASU90340,1,Train,0.9994500610390427,1
KJ473815,0,Train,0.08794719585742196,0
ANY27037,0,Train,0.00038756310874496844,0
QCQ20074,0,Train,0.0005165248110536099,0
ABD75529,1,Train,0.9848329899020098,1
AID56709,0,Train,0.0001615694897109924,0
ADM33558,0,Train,0.00014632310721525129,0
AJC98127,1,Train,0.9488862385092369,1
AZL47216,0,Train,0.00034395949358488983,0
EU371563,1,Train,0.9981360330184095,1
QHA24696,0,Train,0.007888776420509619,0
ACT10970,0,Train,0.0003092086052727497,0
AYN64561,1,Train,0.9681133650289041,1
ATG84723,1,Train,0.9994196498519891,1
ANI69889,1,Train,0.9991104628835014,1
ALM09370,0,Train,8.998365309547433e-05,0
AKP80631,0,Train,0.00021262291470556128,0
QCO95410,0,Train,0.00012575451332291638,0
NC_014470,0,Train,0.21212803639182568,0
QBP84740,1,Train,0.9955492396273469,1
AHI48528,1,Train,0.9994109564367898,1
AIV41777,1,Train,0.9648874343061103,1
DQ412619,1,Train,0.9809710537977078,1
AFB74177,0,Train,0.00017573846322470424,0
ABD75617,1,Train,0.979518964011981,1
AH013708,1,Train,0.9757058536844085,1
ADO39817,0,Train,0.0002979494257405885,0
AXX83333,1,Train,0.9937856012278065,1
AVN89291,1,Train,0.9994180998711579,1
ALA50130,1,Train,0.9954165014576304,1
AYR18679,0,Train,0.003942036522433483,0
AFU92113,0,Train,0.00011960430195619377,0
APF29061,1,Train,0.9948952860059572,1
AKJ22193,0,Train,0.00010748543597416469,0
AZS18878,0,Train,0.0002842954663440326,0
AQZ41296,1,Train,0.9993553709963621,1
AY559090,1,Train,0.9337316894475862,1
AID56793,0,Train,0.00015506569495085779,0
ANI85788,0,Train,0.00015897636919764806,0
AKJ21863,0,Train,0.0002069860291707502,0
ATP16757,1,Train,0.9495823106645649,1
QGA70692,0,Train,0.08862962969981321,0
ANI85764,0,Train,0.0001496454025346671,0
ANI85728,0,Train,0.00013727245423957805,0
QCO95404,0,Train,0.00012652762601698681,0
AMD11208,0,Train,0.00020860016118072735,0
APD51499,1,Train,0.5799736553860033,1
AHB33326,1,Train,0.9993922431756481,1
AKJ22001,0,Train,0.00013672193705577945,0
ASW30994,0,Train,0.003921070491402149,0
AID56925,0,Train,0.00014051716617663273,0
ARB07425,1,Train,0.9921773670442466,1
FJ588686,0,Train,0.42056444645102536,0
AMK59677,1,Train,0.9666206989866455,1
ASU90549,1,Train,0.9995887891382242,1
AFU35751,0,Train,0.00015028000586939528,0
DQ412609,1,Train,0.9986829643751485,1
AY394999,1,Train,0.9987095243279223,1
YP_009199242,0,Train,0.0008542725722534803,0
AKJ22205,0,Train,9.61991069409447e-05,0
ACJ66977,0,Train,0.13409780109678532,0
AKV62619,0,Train,0.0002226825918354104,0
AY687372,1,Train,0.9982085745886061,1
AIX09807,1,Train,0.9965609758812995,1
AY278554,1,Train,0.9987326229734066,1
QGJ03659,0,Train,0.00045031787488124687,0
AID56763,0,Train,0.00025625291218659275,0
AGZ84526,0,Train,0.0174812135999642,0
QED88026,1,Train,0.9956075974423514,1
AKR05184,0,Train,0.00015361987700955934,0
ASU90197,1,Train,0.999475523697612,1
MK211374,0,Train,0.22803398471397301,0
KF294457,0,Train,0.11590456407950928,0
AVN88332,0,Train,0.09269475931419759,0
AGT51680,1,Train,0.9392390210792404,1
ANI85776,0,Train,0.000199937631831481,0
AJO26993,0,Train,0.0002124766328556013,0
ALA50137,1,Train,0.9955659815519909,1
AY394987,1,Train,0.998789861613635,1
QCQ19852,0,Train,0.00016053314999186848,0
AJD81440,1,Train,0.9995150571915907,1
QCC26588,0,Train,0.00012473711991117746,0
FJ882941,1,Train,0.9989297415424957,1
ARE30017,1,Train,0.99805447146959,1
ASU89944,1,Train,0.9995612181168596,1
AYR18505,0,Train,9.185589430733331e-05,0
AAL57308,0,Train,0.12570313847522233,0
AID56721,0,Train,7.45367065143266e-05,0
AFE85969,0,Train,0.00048200878708603277,0
ALL27308,0,Train,0.0002654281666235644,0
ALM09359,0,Train,0.00010266767956965973,0
AY687359,1,Train,0.998165910095884,1
ALP06210,0,Train,0.00027889596126784644,0
QBM11737,1,Train,0.999144095644738,1
AY687361,1,Train,0.9978822464874556,1
KY417152,1,Train,0.9313006409686557,1
AID56679,0,Train,0.0001886058753205507,0
AYR18585,0,Train,0.0024970594322189245,0
QDE12097,0,Train,0.00160541599452341,0
QEJ82215,1,Train,0.9994100807003652,1
AGT51324,1,Train,0.9951685978815158,1
ANJ04974,0,Train,0.1347984913945098,0
ACT10876,0,Train,0.0007079224210356296,0
AID56895,0,Train,0.00016763803270075398,0
AVR40342,1,Train,0.9946577306611182,1
DQ071615,0,Train,0.1375055215833853,0
AY429077,1,Train,0.9982619644070294,1
AKS50238,0,Train,0.00017318538745861233,0
QCQ20002,0,Train,0.00023847903592561135,0
APD51507,1,Train,0.7000088959815969,1
AID57057,0,Train,0.00017510678224496088,0
AIV41903,1,Train,0.9968493064255455,1
AWU59321,1,Train,0.9996430443564969,1
ALA49374,1,Train,0.9993705821134451,1
AGV08390,1,Train,0.9994716825991575,1
AY394992,1,Train,0.9984615967657678,1
ANA67916,0,Train,0.00024857598498642783,0
YP_009328935,0,Train,0.00025995258484072764,0
ART85697,0,Train,0.00017133384379745858,0
AFO11517,0,Train,0.047996525261596514,0
YP_009273005,0,Train,0.00019944761672279214,0
ACT10865,0,Train,9.463577059910523e-05,0
DQ514530,1,Train,0.9991191170850365,1
QGV13484,1,Train,0.9993187801257993,1
YP_001718612,0,Train,7.952618719694073e-06,0
AVZ61109,0,Train,0.14809279945071485,0
ALA49649,1,Train,0.9993765816020703,1
KY417145,0,Train,0.065805400805111,0
AGV08379,1,Train,0.9994712800911283,1
AXK47358,0,Train,0.00011369946537044876,0
QFG01688,0,Train,0.0008945056531927103,0
QBF80598,1,Train,0.9995771603982946,1
ARM65496,0,Train,0.0001724384596849093,0
QCQ20056,0,Train,0.00033589122156537537,0
AXG21654,1,Train,0.9995986297926941,1
AY394977,1,Train,0.998468998919771,1
QGW51920,1,Train,0.9994856606972453,1
ACN89696,0,Train,0.0009715047223863366,0
AWV57048,0,Train,0.00014744950976681347,0
AOM53015,0,Train,0.0005796042355261143,0
AKJ21845,0,Train,0.00016160395567414344,0
AJC98135,1,Train,0.96489549002234,1
AWM11486,0,Train,0.0003756629548315766,0
AFR79250,1,Train,0.9918583092251491,1
ACJ66990,0,Train,0.14478373077208992,0
QCW07226,0,Train,9.413805366668699e-05,0
AFP23843,0,Train,0.00017013711147763127,0
QBF80611,1,Train,0.9994622841513431,1
AIR95864,0,Train,0.00028117972135445756,0
AYR18616,0,Train,0.09047027932471673,0
AYR18436,0,Train,7.466203367101469e-05,0
ASU90186,1,Train,0.999478141003713,1
ARK08642,1,Train,0.990619437604316,1
QCQ19942,0,Train,0.00029968942390792657,0
AIE15935,0,Train,0.00017300496477313718,0
AFU35750,0,Train,0.0001306445331114873,0
ARM65490,0,Train,0.018711476037531993,0
ABP38236,0,Train,0.12701597172274215,0
ALM09364,0,Train,8.274997585815308e-05,0
AQN78664,1,Train,0.997978256533668,1
QBA57545,0,Train,0.0001582258720797294,0
ARD05999,0,Train,0.211058645129584,0
ATG84745,1,Train,0.9994470758344047,1
AYR18599,0,Train,0.1915047789838675,0
ALA50067,1,Train,0.9994770371595323,1
AVN89376,1,Train,0.9991761482669437,1
ANC68207,0,Train,0.0002815465963088892,0
ASU90329,1,Train,0.9995317340495179,1
AY279354,1,Train,0.9987224612754861,1
AXX83381,1,Train,0.9902462758223884,1
ASL24654,0,Train,0.009434735995198656,0
AY559091,1,Train,0.9989469297858854,1
ABG89306,0,Train,4.809436232259983e-05,0
QCQ19972,0,Train,0.0001883122811826278,0
ANI69824,1,Train,0.9994543187753043,1
ATG31094,0,Train,3.855971731027606e-05,0
ALM09382,0,Train,6.699699433471546e-05,0
ARK08651,1,Train,0.9900304698605474,1
AFC98504,0,Train,8.414581775909029e-05,0
KY417146,1,Train,0.9921513846905011,1
ATG84888,1,Train,0.9995469740555474,1
QCB65306,0,Train,0.0003447309604716353,0
AYR18531,0,Train,0.01054972300651311,0
AZF86118,0,Train,0.00820479891970391,0
MK211378,0,Train,0.32099746840430116,0
AID66720,0,Train,0.0001560042850242192,0
AY310120,1,Train,0.9986311986381115,1
ALW82691,1,Train,0.9994584714548059,1
AVU05410,0,Train,0.00015315358499369173,0
ASY04643,0,Train,0.00014453473987560082,0
AKJ22049,0,Train,0.0001725706222994775,0
ANA67923,0,Train,0.0002988483872690646,0
QBA57558,0,Train,0.00038569056484371244,0
AID56673,0,Train,0.0001760895563953613,0
ARU07594,1,Train,0.9978500576675375,1
YP_009389425,0,Train,0.006637232118285678,0
AY278487,1,Train,0.9987470641453521,1
AIA62352,0,Train,0.30225628647874103,0
ANA67919,0,Train,0.00015457119889533463,0
ALA49341,1,Train,0.9994301795042737,1
QDY92481,0,Train,0.00019006969457613482,0
ARQ03269,0,Train,0.0002797036239591124,0
ABG89335,0,Train,0.00011073710018640226,0
AKJ21887,0,Train,0.00011119324408427447,0
ANA67915,0,Train,0.0002721676713941774,0
AFE85962,0,Train,0.00012577248689919163,0
AFU35754,0,Train,0.00014490539005253129,0
AYV64549,1,Train,0.999463893792274,1
AGY29650,1,Train,0.8925069914197802,1
QBF80521,1,Train,0.9995217236496716,1
ALB08246,1,Train,0.9994887561405327,1
ABN10866,1,Train,0.698748416377911,1
FJ882944,1,Train,0.9988774644300588,1
AXK47352,0,Train,0.0003825596580673927,0
AY394979,1,Train,0.9984884450484164,1
AKJ21905,0,Train,0.00013089071455277238,0
QGJ02389,0,Train,0.000316816244163576,0
AGT51690,1,Train,0.984793385037949,1
QCQ19918,0,Train,0.0002477773393053001,0
JX993987,1,Train,0.3169605512940927,0
AQX36342,0,Train,0.00012883824577992797,0
AIV41789,1,Train,0.9772243272515412,1
AQT26498,0,Train,0.1626868835182542,0
QCQ19990,0,Train,0.000250657525656208,0
AFV46344,0,Train,0.00022523765926252517,0
AGT51630,1,Train,0.9905956423342446,1
AKP80589,0,Train,0.00021515322068029404,0
YP_003858584,0,Train,0.21212803639182568,0
YP_009201730,0,Train,0.012789851390678134,0
AHN64774,1,Train,0.7915440759373995,1
MT040334,1,Train,0.613948574077825,1
AGH58717,1,Train,0.9993683561857617,1
AFH55111,0,Train,0.015932231902577264,0
AIF73529,0,Train,8.659682791801095e-05,0
AXE71621,0,Train,0.00013639391882705384,0
AYR18442,0,Train,0.00017541708642574634,0
AVN89365,1,Train,0.9995125326581126,1
ALM31944,0,Train,0.00014189755699671474,0
AGT51790,1,Train,0.9912268781347042,1
ASU90857,1,Train,0.999350908145994,1
AKJ22127,0,Train,0.00017739155268423878,0
AY351680,1,Train,0.8151869412767747,1
GQ153543,0,Train,0.12898793618153098,0
AZP73840,1,Train,0.9905584785455479,1
ABD75497,1,Train,0.986866522757444,1
AVU05389,0,Train,0.00018275080849073413,0
AWK59931,1,Train,0.9955733805430093,1
AIV41801,1,Train,0.9970158774612232,1
AYR18499,0,Train,8.771431830213108e-05,0
AQN78744,1,Train,0.9977993814400835,1
ACN89705,0,Train,0.001214262070245669,0
AVU05424,0,Train,0.00014838691402869285,0
QGA70702,0,Train,0.08776070899378217,0
AIV41921,1,Train,0.9973749173278612,1
ASU90373,1,Train,0.9993866519616661,1
ADM33574,0,Train,0.00014609417956160862,0
ANA67920,0,Train,0.00023957734350473959,0
ALM31932,0,Train,0.00016078966331582658,0
QCQ19954,0,Train,0.0001736389436824127,0
ASR18946,0,Train,0.005359060658595669,0
KJ473813,0,Train,0.024655907258889092,0
AYR18652,0,Train,0.0039542301483267,0
AY429075,1,Train,0.9988079285825959,1
QBM00061,0,Train,0.00042545514830134233,0
AY572037,1,Train,0.9983128752835125,1
ASU89955,1,Train,0.9994572967498345,1
ASL68953,1,Train,0.8356884350191358,1
AGT51491,1,Train,0.9942517923955809,1
AKJ21929,0,Train,0.0001108542012793897,0
DQ412622,1,Train,0.9782790481089509,1
AGT51800,1,Train,0.9904629143610424,1
AYR18579,0,Train,0.0019166497790816365,0
AY687354,1,Train,0.9983293072357031,1
ASU90307,1,Train,0.9995590172878147,1
ASU90791,1,Train,0.9994211479711352,1
AIK69675,0,Train,0.00011177977142259918,0
YP_209233,0,Train,0.000949944615641792,0
AVV64341,0,Train,0.024739145747383104,0
AFO11507,0,Train,0.06085169365917401,0
AGT51561,1,Train,0.9397986658571643,1
ADL71466,0,Train,0.0498603268579598,0
AKJ21815,0,Train,0.0001536980767152624,0
AMQ48993,1,Train,0.9993372798752032,1
AYR18418,0,Train,0.0026201009684312777,0
ASA40109,0,Train,0.00023614452191174674,0
ATN37896,0,Train,0.014218654080545599,0
FJ882956,1,Train,0.9989051668088269,1
QBF80488,1,Train,0.9996450026404895,1
AUG98130,0,Train,0.00017442038450098696,0
AY394985,1,Train,0.9984696611548659,1
APH81306,0,Train,0.0003274904557649475,0
AZS52618,1,Train,0.9935258550396303,1
KY417142,1,Train,0.22422288600781065,0
AMD11197,0,Train,0.00010396717951073804,0
ABD75513,1,Train,0.987571071650803,1
ANA67921,0,Train,0.00027022978051205937,0
ARA15421,1,Train,0.9904352504036856,1
DQ412599,1,Train,0.980134097802973,1
ANI85818,0,Train,0.00021265454240517118,0
AY429076,1,Train,0.9988636755992975,1
QCQ19870,0,Train,0.0001332203695727943,0
QCQ19876,0,Train,0.00026455730884916777,0
ALD51904,1,Train,0.9993723966253771,1
YP_001039953,1,Train,0.8229912705540795,1
AQN78768,1,Train,0.9938349312733008,1
GQ153544,0,Train,0.175092875071023,0
ABD75625,1,Train,0.9908018904574772,1
AVI15000,0,Train,0.1121889295678586,0
AKJ21851,0,Train,0.00015386061392713138,0
ANI85752,0,Train,0.00013665731379873755,0
AGT21367,1,Train,0.9913537640933451,1
ASU90516,1,Train,0.9994002880987888,1
ASU90362,1,Train,0.9995136873132604,1
AYR18412,0,Train,4.7925701002732444e-05,0
ANA67914,0,Train,0.0001855510445004524,0
AHA38139,0,Train,0.0001916802516980416,0
ACT10896,0,Train,0.00020072061215228678,0
KF569997,0,Train,0.800159833656821,1
QCT24237,0,Train,0.000904325115065429,0
ABG47052,0,Train,0.7810252142731071,1
YP_003029848,0,Train,0.0009161968182539596,0
QAY31031,0,Train,0.00024994126820635675,0
AVU05480,0,Train,7.262228725650935e-05,0
ATY72306,0,Train,0.00020838065304019137,0
AY304486,1,Train,0.9984927128524531,1
AKJ21761,0,Train,0.00013636654735295136,0
AVK87340,1,Train,0.9993535834230606,1
FJ882960,1,Train,0.9987256771597781,1
AXN73370,1,Train,0.9994988975635927,1
AFR54326,0,Train,0.00016665355932729808,0
AMN88694,1,Train,0.9804593680644432,1
AKC34872,0,Train,0.0002177393049906624,0
ASA69724,0,Train,0.0001936785638157536,0
AFE48805,0,Train,0.14832609095426144,0
QCQ19978,0,Train,0.00032164341891753736,0
JX993988,0,Train,0.058104392693848546,0
AFD98778,1,Train,0.9948455755422774,1
AKH45344,0,Train,0.00020781486456623397,0
ASU45719,1,Train,0.9994508042870014,1
AID56787,0,Train,0.00016190922055966662,0
AVU05403,0,Train,0.00025841654861329826,0
AYR18406,0,Train,0.00017745349105579883,0
AJP67402,0,Train,2.2332508688590988e-05,0
AKJ22175,0,Train,0.00021668536237054805,0
ALL26396,1,Train,0.9994510501385006,1
AJP67420,0,Train,6.854458302815408e-05,0
ANI85800,0,Train,0.0006354990916119734,0
QCQ19882,0,Train,0.00027103133611707723,0
AYR18537,0,Train,0.002394066576926141,0
ABD75609,1,Train,0.9725803908484035,1
AKJ22061,0,Train,0.00011420927022001489,0
AKN24812,1,Train,0.9990372865172784,1
AID57087,0,Train,0.00013648803565540393,0
AZL47192,0,Train,0.00012112910810020096,0
JX162087,1,Train,0.9989620101024758,1
ABP38243,0,Train,0.1523117597424754,0
AHN64783,1,Train,0.7907351242126374,1
AKJ21833,0,Train,0.00018029357460687832,0
AXP07345,1,Train,0.9994816225987595,1
AUZ98436,0,Train,0.0004509715280892331,0
APD51491,0,Train,0.007808971629833141,0
AKP99781,0,Train,0.0005527720541424632,0
AKJ21893,0,Train,0.00016489901466093938,0
ARA15429,1,Train,0.992209562954438,1
QCC26602,0,Train,0.000584757157999677,0
ALA49363,1,Train,0.9995110463070688,1
ADL71486,0,Train,0.001204651752920837,0
ANA67922,0,Train,0.00014620496669057978,0
AGT51345,1,Train,0.993484819031772,1
AVP25406,0,Train,0.001358165434595426,0
AJP67396,0,Train,5.507878006365403e-06,0
AUJ79484,0,Train,0.0003058607588905587,0
AVU05354,0,Train,0.00026364445195027034,0
KF514407,1,Train,0.9988545650341474,1
ASU62499,0,Train,0.008790675619318714,0
DQ412627,1,Train,0.9753421732140901,1
AAL40400,0,Train,0.16046498568625975,0
AFG19742,0,Train,0.007541046750953489,0
AVZ61119,0,Train,0.13798023910420937,0
ANI69878,1,Train,0.9995692280501022,1
QEG03740,1,Train,0.9912599845311169,1
AIV41993,1,Train,0.9967248934530604,1
AFU92070,0,Train,0.00014570634572895884,0
ATI09437,1,Train,0.9954655728604711,1
AKJ21785,0,Train,0.00015107198980123944,0
YP_009194639,1,Train,0.9946589985493537,1
KP886808,0,Train,0.15887241887350478,0
ANI85746,0,Train,0.00015327077432301445,0
AIV41837,1,Train,0.9632508149572272,1
AID56667,0,Train,0.00016722436588800698,0
AKO90055,0,Train,0.0003287589728953186,0
AKJ22073,0,Train,0.00012137703467205886,0
AZF86130,0,Train,0.018803449908707373,0
ALL74066,0,Train,0.00010328691971902366,0
AYR18461,0,Train,0.006541916451219074,0
AWW13519,1,Train,0.9948594081919987,1
QCQ20062,0,Train,0.0004967635848253975,0
QCX35160,0,Train,0.08944987041664061,0
ASU45696,1,Train,0.9993693941787395,1
AID57003,0,Train,0.00015268191185922357,0
AGT51441,1,Train,0.9906969304646591,1
AID57105,0,Train,0.00012515411320412377,0
AVN89324,1,Train,0.9992397398928252,1
AIM47748,0,Train,0.0001318460282196624,0
QFG01712,0,Train,0.00019993478381635042,0
ASU90747,1,Train,0.9996217559292262,1
ALX27232,1,Train,0.999515076541802,1
ASA40091,0,Train,0.000340312883185857,0
AYR18455,0,Train,0.009366546176885222,0
APF29071,1,Train,0.9956161412789075,1
AAX85678,1,Train,0.997646648749666,1
FJ882929,1,Train,0.9989207053990922,1
DQ412588,1,Train,0.9986231843304999,1
QGW51898,1,Train,0.9995337776393676,1
AWM11468,0,Train,0.00035006362369707864,0
AIV41843,1,Train,0.9977077895729142,1
AXN73437,1,Train,0.9993382938627272,1
AFU35752,0,Train,0.00016101175085911297,0
ALB08311,1,Train,0.99950698571275,1
ALA49462,1,Train,0.9993209277797921,1
AQN78656,1,Train,0.996160223727776,1
AYJ71470,1,Train,0.9995110188062251,1
AGT51760,1,Train,0.9891617814190481,1
AIN52118,0,Train,0.018192534903436443,0
AXP98439,0,Train,0.0009428195245079235,0
AH013709,1,Train,0.9950539432229921,1
AY559093,1,Train,0.9986973621838783,1
AY627048,1,Train,0.9985673608812601,1
AGY31022,0,Train,0.00014738194883005202,0
AVU05375,0,Train,0.00012322881980508508,0
QEG03803,1,Train,0.9846801882376219,1
AKJ21839,0,Train,0.0003200742575814994,0
AJP67456,0,Train,0.0001845248179590351,0
AEN19358,1,Train,0.9974935948345524,1
AY390556,1,Train,0.9986541146696605,1
AAR01015,1,Train,0.9723103219857745,1
ALB08322,1,Train,0.9994538260977485,1
YP_001552236,0,Train,0.020767884809006334,0
AYR18561,0,Train,0.0002619552642310014,0
AGV08467,1,Train,0.9994242442050374,1
ACN89763,0,Train,0.0015333981958085437,0
AY304491,1,Train,0.9985359613265017,1
AJO26973,0,Train,0.0001824634971523334,0
AKJ22103,0,Train,0.00011102807236033818,0
KY417147,1,Train,0.26834643550759113,0
ASU90010,1,Train,0.9994403626639344,1
AAT84362,1,Train,0.9701084179815873,1
AEQ55004,0,Train,0.00011288338219463728,0
QCQ19984,0,Train,0.00019425064187522098,0
AHY22555,1,Train,0.9995846470383287,1
AY429073,1,Train,0.9985510439054669,1
YP_009199609,0,Train,0.0002175384764972293,0
ANA67924,0,Train,0.00013161184806576056,0
AKJ22199,0,Train,0.00024580317430704883,0
KF569996,1,Train,0.8412382924915622,1
AID56823,0,Train,0.00014453907541012943,0
QHA24671,0,Train,0.00016689385500570148,0
AKJ21875,0,Train,0.00015174721916525198,0
AGT52080,0,Train,4.224026991884309e-05,0
QCQ19834,0,Train,0.00013737970374911058,0
JX163927,1,Train,0.9990405572505897,1
ANA67910,0,Train,0.00019467766953714497,0
ANJ04717,0,Train,0.18940947507027345,0
ADB28907,0,Train,0.00038790745361325617,0
AIJ19445,0,Train,0.00022831812971752384,0
AHW40030,0,Train,0.00010916379931416997,0
ATG84899,1,Train,0.9994013444208172,1
YP_005454245,0,Train,0.10285942639733692,0
DQ514529,1,Train,0.9985637574700043,1
QEG03776,1,Train,0.9811166707532266,1
QHA24710,0,Train,0.0008508740831328133,0
AKS50244,0,Train,0.00019227734858680862,0
YP_009256197,0,Train,0.000837699188943697,0
AY572036,1,Train,0.9985706914522438,1
AWV57054,0,Train,0.00016751149140883617,0
QCQ19804,0,Train,0.000364485954779462,0
DQ648857,0,Train,0.2582470538197393,0
AGW27872,1,Train,0.9821791756432385,1
ABN10935,0,Train,0.0077187514665202584,0
AYR18525,0,Train,0.0100826982027916,0
AFU92122,0,Train,0.0005855194732404852,0
QEY10625,1,Train,0.8135869709684245,1
AY687368,1,Train,0.998458887623606,1
QCI31469,1,Train,0.9995333530717205,1
AHY22565,1,Train,0.9994580201443957,1
AH012999,1,Train,0.9986633139671317,1
GQ153542,0,Train,0.1510636898643257,0
AIV41963,1,Train,0.996409917238269,1
KY417148,0,Train,0.1743382087587718,0
AJH76957,0,Train,8.081620595671278e-05,0
AIA62220,0,Train,5.625271253816839e-05,0
QED88019,1,Train,0.9947392842473822,1
ATG84866,1,Train,0.9992641012976862,1
AVN89313,1,Train,0.9993934372816147,1
KJ473816,0,Train,0.32917880635827285,0
AYR18607,0,Train,0.003929536299505275,0
QCQ20014,0,Train,0.0002198975527701141,0
ALM09388,0,Train,4.760293210831399e-05,0
AAX85669,1,Train,0.9918310976943024,1
ASU90406,1,Train,0.9993354292802051,1
YP_009199790,0,Train,0.00026093037457138946,0
QED40659,0,Train,6.674413764668773e-05,0
KP886809,0,Train,0.1365078624416119,0
APG31005,0,Train,0.0003516961813731945,0
AKI29255,1,Train,0.999325103182613,1
DQ084199,0,Train,0.178503550681661,0
AIV41861,1,Train,0.996687663399611,1
ADI80523,0,Train,0.01047103372646999,0
AYR18549,0,Train,0.001785406562176407,0
AYR18625,0,Train,0.003908237576756032,0
ALA50123,1,Train,0.996471925712217,1
AIA62234,0,Train,3.7358743061446926e-06,0
AHX71946,1,Train,0.9995287946954666,1
AVI57396,0,Train,0.0002556041645305726,0
AKV62755,0,Train,0.0048850183471513455,0
AID56697,0,Train,0.00018470216043067465,0
AGT51620,1,Train,0.994018480093206,1
AFW97360,0,Train,0.14475575591672712,0
ALM09375,0,Train,8.094315848802959e-05,0
QEG03731,1,Train,0.99927237405055,1
QCQ29075,1,Train,0.9993548378084766,1
APD70934,0,Train,0.00014200906417747506,0
AGY31034,0,Train,0.00014568750896495238,0
AID56943,0,Train,0.00015010527568717555,0
QAT98898,1,Train,0.9994668003505358,1
AY627047,1,Train,0.9979899848874748,1
AKP80603,0,Train,0.0002485510366298107,0
ASU90604,1,Train,0.9994110481577615,1
AID56775,0,Train,0.00016640867935037624,0
ADM33582,0,Train,0.0011755168556562634,0
DQ514528,1,Train,0.9987072839390014,1
AKJ21881,0,Train,0.0003944783535607455,0
ABN10884,1,Train,0.7616338905338887,1
AY559081,1,Train,0.9987282923855966,1
YP_009072440,0,Train,0.019266473799601634,0
ALL27302,0,Train,0.00028812481951233436,0
AWW13566,1,Train,0.9907653452244154,1
AZU96327,0,Train,0.11019436879169232,0
AFD98757,1,Train,0.9977956537803415,1
AIV41957,1,Train,0.9972402755105672,1
ARC95211,0,Train,0.021546484757439456,0
ABD75593,1,Train,0.9888823759188773,1
AY304490,1,Train,0.9985738679985382,1
QDY92469,0,Train,0.00024387214695147222,0
QBO24663,0,Train,0.0002483715636453525,0
AY485277,1,Train,0.9988668724794073,1
AKJ21917,0,Train,0.00019149783278599042,0
ALA50249,1,Train,0.9954363895445622,1
AY525636,1,Train,0.9989469292750465,1
AGM75126,0,Train,0.00013223149046850865,0
AYR18473,0,Train,2.9403042717722452e-05,0
QEQ55819,0,Train,0.00011256734741457535,0
ANI85806,0,Train,0.00026312366396514207,0
AQN78680,1,Train,0.9977648186330673,1
ARK08635,1,Train,0.9961628531762854,1
AQT01349,0,Train,9.193746193195827e-05,0
AKJ22079,0,Train,0.00014663533094005,0
AWM11492,0,Train,0.00014336504199621633,0
DQ412596,1,Train,0.9988241879365618,1
AHX00711,1,Train,0.9994083918350549,1
AGG55750,0,Train,0.0001467213817885802,0
QCB65300,0,Train,9.59117730882249e-05,0
KY417144,1,Train,0.7829310724264427,1
AHI48583,1,Train,0.9995547292662691,1
AIN52124,0,Train,0.00015420331337118284,0
ABD75553,1,Train,0.9854201459723305,1
ACN89742,0,Train,0.0006410702262271252,0
AGT51501,1,Train,0.9916231332631433,1
ABQ57224,0,Train,0.028598894995964283,0
AIV41945,1,Train,0.9967417818948655,1
ASU45730,1,Train,0.9995442822595155,1
DQ412623,1,Train,0.9843445837665433,1
ASU90076,1,Train,0.9995688230007466,1
ASO67377,0,Train,0.00024227774128989576,0
EU371562,1,Train,0.9981218809753725,1
AKJ21737,0,Train,0.00013349451964873117,0
AJW67223,0,Train,0.0003681132459321427,0
AHM88217,0,Train,0.00011665582605463438,0
AJP67432,0,Train,7.428209182023978e-05,0
AXX83339,1,Train,0.9914348640743048,1
ACT10983,0,Train,0.2132095629038962,0
YP_007188579,1,Train,0.9995685496317552,1
FJ882949,1,Train,0.9988635999530443,1
AEQ61968,0,Train,0.0022153912782709234,0
AGT51521,1,Train,0.9728206697091665,1
QBP84713,1,Train,0.9936901529169778,1
ATP16767,1,Train,0.9487433406567518,1
AGT51511,1,Train,0.9947197326045302,1
QBP84731,1,Train,0.9951262998657188,1
AIV41969,1,Train,0.9971894419295163,1
AY515512,1,Train,0.9978013472669562,1
AQN78736,1,Train,0.9979138047674583,1
AFE48817,0,Train,0.09203560271892672,0
AKJ21779,0,Train,0.00012432409069492895,0
MG772934,0,Train,0.10699662288336048,0
AJP67438,0,Train,0.00020050929325026763,0
ALM09394,0,Train,4.2102191578330054e-05,0
ANJ04728,0,Train,0.1842844600855329,0
ALA49352,1,Train,0.9995249372656138,1
ACT10959,0,Train,7.883507022433016e-05,0
ALJ52504,0,Train,0.00016780796554165635,0
AIA62227,0,Train,3.524312398535295e-06,0
ADM33566,0,Train,0.001187872613971362,0
AIV41831,1,Train,0.9848546971346324,1
AY613950,1,Train,0.9986504136540153,1
ALA49660,1,Train,0.9995170878454098,1
QHA24718,0,Train,4.927132405054724e-05,0
ASU89988,1,Train,0.9995908414445943,1
QCQ20068,0,Train,0.00047724153102156287,0
QCQ20038,0,Train,0.00043553846537289345,0
AQZ41285,1,Train,0.9993577465749814,1
ASU91010,1,Train,0.9995662829342906,1
AKE47378,0,Train,0.00015884691392363342,0
QEG03794,1,Train,0.9875713641937215,1
ARK08670,1,Train,0.9594927069626924,1
AJD07366,0,Train,7.379437629243117e-05,0
AIJ01335,0,Train,0.00013025312408163552,0
AQZ41322,1,Train,0.9994024577441634,1
QCQ19858,0,Train,0.00021079436783159918,0
ANA67912,0,Train,0.00011019942513449393,0
QGZ28404,0,Train,0.0001796172307182178,0
AUM60014,1,Train,0.9488184937624067,1
EU371560,1,Train,0.9981749233554627,1
ANA67909,0,Train,0.00011307161264773002,0
QDF43795,0,Train,0.00017953710692631013,0
DQ412043,0,Train,0.29020630522864443,0
NP_073551,1,Train,0.9851587862990134,1
AJO27013,0,Train,0.00022103850452733534,0
ABN10893,1,Train,0.8025049974143232,1
ALA50165,1,Train,0.9943634262791855,1
AGN52936,1,Train,0.9994473179777815,1
AGT21345,1,Train,0.9897941747910918,1
KY417149,0,Train,0.25501191167466586,0
AGA94620,0,Train,0.0001637988314990751,0
AXX83303,1,Train,0.9930779651534675,1
AKN24749,1,Train,0.9994655386403124,1
AYL64492,0,Train,0.00016456784489111414,0
AGT51590,1,Train,0.9394790894573427,1
YP_009380521,0,Train,0.012513841996243077,0
QEO75985,1,Train,0.9965490790302118,1
AKJ21947,0,Train,9.431043037342808e-05,0
AZN28593,0,Train,7.151905882701047e-05,0
AY714217,1,Train,0.9989322198359631,1
ACT10995,0,Train,0.1964308503213915,0
ANI85740,0,Train,8.102379472064118e-05,0
AFU92086,0,Train,0.0002471518160710944,0
ATG84734,1,Train,0.9993990414280277,1
AY627045,1,Train,0.9987124100240201,1
AIA62206,0,Train,5.82743105532287e-05,0
ANI85812,0,Train,0.00011492464616859419,0
QED88012,1,Train,0.9962314525377004,1
AFB74182,0,Train,0.00017776770966106492,0
NP_058424,0,Train,0.00013318085438200915,0
ASA40097,0,Train,0.00015661106614153015,0
AZS27725,0,Train,0.00022095827183778402,0
AZL47204,0,Train,0.0002409087913079138,0
AY613948,1,Train,0.997979810722094,1
YP_009336484,0,Train,0.01254011232314735,0
AGT51422,1,Train,0.9423610397685577,1
AFB77234,0,Train,0.00013770806215838947,0
AIA62343,1,Train,0.7783032035370134,1
AXN73525,1,Train,0.9994809651219311,1
AYR18573,0,Train,3.262600687128155e-05,0
ABN10857,1,Train,0.7838026485708587,1
AQN78704,1,Train,0.9951266317997204,1
KF367457,1,Train,0.9603863140929344,1
AID56883,0,Train,0.00011621193256454643,0
AIV41873,1,Train,0.9925345414090624,1
AVN89387,1,Train,0.9991756680852202,1
AY304495,1,Train,0.9983570111292602,1
ADL71455,0,Train,0.0002495550232691789,0
QBF80499,1,Train,0.9995140283486164,1
AFG25750,0,Train,0.0007245062789870906,0
ACJ66961,0,Train,0.1991417743849562,0
AIV42005,1,Train,0.9971962225427401,1
AMD11142,0,Train,0.0001105241804540412,0
ADO39850,0,Train,0.0001828472671418574,0
GQ153547,0,Train,0.20973650780576392,0
AEK25521,0,Train,0.0006104134974223128,0
AFD98771,1,Train,0.9952318893841383,1
AHY22545,1,Train,0.9995242843064542,1
AYR18424,0,Train,0.00019047007865935503,0
ABI93999,1,Train,0.1674088934688968,0
AHI48539,1,Train,0.9994374336991396,1
AKJ21965,0,Train,0.00010601338598723934,0
AIA62200,0,Train,0.00019317583334705417,0
KY352407,0,Train,0.016774787115737457,0
AZL47210,0,Train,0.00030179628028811776,0
ABG89325,0,Train,0.00010613211040156439,0
YP_006908642,0,Train,9.422049464928295e-05,0
AKJ21797,0,Train,0.0001656528528430542,0
ALB08472,0,Train,0.00024944677774362407,0
AUG98119,0,Train,0.0001715430369204612,0
ABG89317,0,Train,0.008070817080267105,0
QCQ19822,0,Train,0.00014576966897924496,0
QFG01700,0,Train,0.00039504807784266477,0
ALW82753,1,Train,0.9993590860142852,1
AXX83315,1,Train,0.9933156750217462,1
AVU05347,0,Train,0.00017242732608072292,0
ACT10906,0,Train,0.0006682228038748389,0
ACJ66946,0,Train,0.17671765970684852,0
AUG98141,0,Train,0.00013594354570210614,0
QCQ19840,0,Train,0.00013815216237442578,0
QCQ19888,0,Train,6.464926553722111e-05,0
AZL47222,0,Train,0.00011722265978635868,0
KY417150,1,Train,0.9991401379624092,1
KT444582,1,Train,0.9991524833553601,1
AY274119,1,Train,0.9991016538508658,1
AY278741,1,Train,0.9988723791989492,1
AGS12449,0,Test,0.00012234763150359028,0
AIV41783,1,Test,0.9720465047174243,1
QGQ60306,0,Test,0.00015896580413887895,0
DQ514532,1,Test,0.9990968420686794,1
AY429079,1,Test,0.9986623506839579,1
AKJ21719,0,Test,0.00028245809639123427,0
ARK08620,1,Test,0.9934553561849723,1
ARX11396,1,Test,0.9923774092638447,1
AVK87450,1,Test,0.999538390561858,1
KY417151,1,Test,0.9254078234621483,1
AID56733,0,Test,0.0001591177677454796,0
AY429074,1,Test,0.99865285808199,1
QCQ19864,0,Test,0.00017547076302468749,0
AHY61337,0,Test,0.467857561602796,0
ACA52157,0,Test,4.0776373993683926e-05,0
ASU90175,1,Test,0.999550017757909,1
APX42113,0,Test,0.000307968696466597,0
AGT51541,1,Test,0.9455329201985281,1
AFV09314,0,Test,0.00010584793064751216,0
QHA24724,0,Test,0.0002892481866052988,0
AMD11186,0,Test,0.00011841038810309546,0
AID57039,0,Test,0.00010871082979394937,0
AVK78147,0,Test,0.0001843559608552454,0
QBP84722,1,Test,0.9961691375542473,1
AID56979,0,Test,0.00016883009131975825,0
QBF80543,1,Test,0.9993937472255149,1
AY687356,1,Test,0.9987782300025405,1
AXX83375,1,Test,0.9928626478225933,1
AIF73541,0,Test,0.00017325005368046368,0
AIV42011,1,Test,0.9970525818028724,1
ACT11030,1,Test,0.14334786285697906,0
AHA38153,0,Test,0.0001820184855466562,0
QEG03814,1,Test,0.99305170524273,1
QMS54764,0,Test,0.0007224701306484741,0
AFR79257,1,Test,0.9920433411282258,1
AVN89334,1,Test,0.999514970480447,1
AWW13511,1,Test,0.9956743756149189,1
YP_001039962,1,Test,0.9226349456045915,1
AXX83321,1,Test,0.993637249738636,1
QCQ20032,0,Test,0.00032840631829696485,0
ALU34112,0,Test,0.00013589985269518544,0
AQT33894,0,Test,0.000317358310460363,0
AFP81695,0,Test,0.00018587946638326609,0
AY572034,1,Test,0.9978232950756681,1
QDM36987,0,Test,0.0001765869860477003,0
AY429072,1,Test,0.9985820783436787,1
AGK89914,0,Test,0.00016746611006758744,0
ANF29239,1,Test,0.9993869917141178,1
AWM11498,0,Test,0.0003209705483986181,0
AFB74180,0,Test,0.00022449609263909485,0
MK211377,0,Test,0.2104869641202479,0
ANA67905,0,Test,0.00019492015841138612,0
ANI69922,1,Test,0.9993301913307729,1
AIN52136,0,Test,0.0002166906345389512,0
ANF29184,1,Test,0.9994502363664716,1
AXY04083,0,Test,0.0018866725440419851,0
JX163926,1,Test,0.9990202719898976,1
ABD75505,1,Test,0.9902872995095252,1
QCQ19810,0,Test,0.00010360344286761476,0
ABG89288,0,Test,0.1985087371661965,0
AVK87439,1,Test,0.9993113353878234,1
AKJ22037,0,Test,0.00016384112059400705,0
QEY10641,1,Test,0.6077063685703407,1
AFU35747,0,Test,0.00016079487494107594,0
AFU92131,0,Test,0.0005478080029195494,0
ATN23889,0,Test,0.0009855138009293774,0
AXS67925,0,Test,0.0014605428745756218,0
AGT17769,1,Test,0.9801942436392025,1
KJ473814,0,Test,0.14041353874522988,0
AFD98806,1,Test,0.9959081605180461,1
ACN89722,0,Test,0.0009447322900933748,0
ALA49473,1,Test,0.9994339108401967,1
QDP16195,1,Test,0.9995161808236774,1
AMD11153,0,Test,0.00011888172857496096,0
AFI49431,1,Test,0.9922301263818336,1
ALL26409,1,Test,0.999396072038565,1
AKJ21731,0,Test,0.00011456511541547762,0
LC556375,0,Test,0.05645533354634207,0
AYR18519,0,Test,0.0058941648191247085,0
ATY72312,0,Test,0.0001485109323258755,0
ANC28678,1,Test,0.9995735042298646,1
AWH65932,1,Test,0.8142945968762463,1
AFD98834,1,Test,0.9949147217836427,1
QBQ01839,1,Test,0.9796443377853441,1
AOL02453,1,Test,0.9968229949915783,1
AVQ05264,1,Test,0.9608950150033967,1
AFD98750,1,Test,0.9978929286325,1
YP_009200735,0,Test,0.00899838396769558,0
YP_001351684,0,Test,0.0006813448060318006,0
AVU05368,0,Test,0.00015596480580102977,0
AIV41885,1,Test,0.9963132280086364,1
AVY53336,0,Test,0.003958055092253043,0
ASR18938,0,Test,0.0026835482226151286,0
ABG89301,0,Test,5.7062817684200145e-05,0
AIV41855,1,Test,0.9967219960204865,1
ARE29967,1,Test,0.9935637246733049,1
ARC95227,0,Test,0.03231519479901294,0
AWA45274,0,Test,0.00015094591034324465,0
QEY10633,1,Test,0.7954029217043255,1
AKJ22211,0,Test,0.0001355372406278337,0
AIN52094,0,Test,0.0001377715474020835,0
AYR18634,0,Test,0.00376992564935741,0
ABN10927,0,Test,0.00017891431502694595,0
AFG19726,0,Test,0.0025140504092622897,0
QDI73610,1,Test,0.9991966141942371,1
AFU35748,0,Test,0.00028491218297420074,0
AIA62212,0,Test,7.503367498541183e-05,0
AKL59401,1,Test,0.9994790647599263,1
QDP16206,1,Test,0.9995434902783428,1
AID56685,0,Test,0.00018410317687054536,0
QCQ19828,0,Test,0.00023660442810490232,0
ANC28645,1,Test,0.9995954430816787,1
ANI85770,0,Test,0.0001399907765989527,0
AYR18643,0,Test,0.003925890254525964,0
AMR60833,0,Test,0.0001557273261124202,0
QOU12295,0,Test,0.00018069005261205762,0
AY463059,1,Test,0.9992228905405259,1
AVN89354,1,Test,0.999038331937817,1
AVZ61099,0,Test,0.08636886764322406,0
ASU90230,1,Test,0.999488515669104,1
QFG01694,0,Test,0.00014794805555772163,0
AID57099,0,Test,0.0001520661171211213,0
AFB74181,0,Test,0.0002678794609123169,0
FJ959407,1,Test,0.9980686733853636,1
APR64495,0,Test,0.0007228930608993622,0
AIV41813,1,Test,0.9972926952714467,1
ABP38253,0,Test,0.12999393938784082,0
AIN52112,0,Test,0.00014942273300177957,0
DQ640652,1,Test,0.998739096002457,1
QGQ60258,0,Test,0.0002305146237194897,0
AKJ22139,0,Test,0.00023658911988023933,0
ALA50088,1,Test,0.995817104831338,1
ASU90439,1,Test,0.9994317187623437,1
AY687371,1,Test,0.9979730817658298,1
QEH62669,0,Test,0.0012031396947758172,0
ACT10854,0,Test,5.756470906890574e-05,0
ALW82742,1,Test,0.9995153759391945,1
KJ473812,0,Test,0.023691819229839848,0
AIV41999,1,Test,0.9974264577755024,1
DQ412042,0,Test,0.02649058717625401,0
AFU35749,0,Test,0.00016337918266025526,0
ANI85734,0,Test,8.10975228188686e-05,0
AY394981,1,Test,0.9984050743667974,1
ACO72884,0,Test,0.021210695535790865,0
DQ648856,0,Test,0.028496297818525567,0
AY654624,1,Test,0.9989424686465505,1
AY304488,1,Test,0.9982330049378373,1
QHA24678,1,Test,0.6605656657632271,1
ART85704,0,Test,0.0001053088089459641,0
AGT51451,1,Test,0.9483371392415948,1
AML22777,0,Test,0.00013058398884880469,0
DQ022305,0,Test,0.17596878237088906,0
ABC72414,0,Test,9.202380564984132e-05,0
ALR74757,0,Test,0.0005307861977010141,0
AY394978,1,Test,0.9989461536423899,1
ANF29195,1,Test,0.9991548142618756,1
AKJ22007,0,Test,0.00017068206486280297,0
AID56781,0,Test,0.0002355800354437137,0
AYF53093,0,Test,0.000508446128878861,0
AMD11118,0,Test,0.00017561836805971118,0
AYR18591,0,Test,3.6753262682088326e-05,0
QBO24669,0,Test,8.373407211452398e-05,0
AID56871,0,Test,0.0001343855014013958,0
AY394980,1,Test,0.9999999999999178,1
AYR18487,0,Test,0.0001818518520798049,0
QCO95392,0,Test,0.00012638025670400765,0
AKJ21923,0,Test,0.00012861151516970122,0
QEE80071,0,Test,0.0004731612524535164,0
QKV43775,0,Test,0.00027372084054367,0
QED40665,0,Test,5.864783674738514e-05,0
YP_009113025,0,Test,0.007045426843865762,0
ANI85758,0,Test,0.00014640215149584732,0
YP_009047204,1,Test,0.9993788541758616,1
ANI69900,1,Test,0.9991624393116036,1
ABQ57216,0,Test,0.028002817556717186,0
DQ412578,1,Test,0.99881545532115,1
APX55541,0,Test,0.00045428603674390017,0
QCQ19906,0,Test,0.00021986201298371505,0
QCQ19924,0,Test,0.0003294561891184154,0
QCQ19930,0,Test,0.0002781478575317399,0
QED58401,0,Test,7.711764082141789e-05,0
ANF29261,1,Test,0.9994331861208422,1
AWM11462,0,Test,0.0001370483283390822,0
QNL24121,0,Test,0.0012670262885195538,0
AYR18555,0,Test,0.003032826488436993,0
ANA67911,0,Test,0.0002824797139837303,0
AVU05473,0,Test,0.00010569230173588539,0
AIV41879,1,Test,0.9979231063279508,1
QER90704,0,Test,0.003251975500055787,0
AGT51331,1,Test,0.995718345130812,1
ASU90681,1,Test,0.9994630149367777,1
ABP38306,0,Test,0.13357962341352567,0
AKJ21713,0,Test,0.0001839541373048888,0
ASB30081,0,Test,0.00017603219973221494,0
ABD75601,1,Test,0.9828094398648477,1
ALR84908,0,Test,0.000251954855650032,0
QCQ19846,0,Test,4.611696253649939e-05,0
DQ412575,1,Test,0.9986509192002831,1
ALA49803,1,Test,0.9994473918978847,1
AYR18670,0,Test,0.004050112412672445,0
DQ412617,1,Test,0.9982914869698613,1
QGQ60318,0,Test,0.00019762166928469034,0
ADC35461,0,Test,0.00236492588182251,0
YP_009555241,1,Test,0.9701219445294704,1
AY772062,1,Test,0.9982881940031855,1
YP_009724390,1,Test,0.6161317804601049,1
