Accession,Human,Source,Human_prob,Predicted
ATG31100,0,Train,0.0001779186499672844,0
AWM11480,0,Train,3.302992463795689e-05,0
AML22777,0,Train,0.0008098512603555451,0
QGJ03659,0,Train,0.000230242288859033,0
NP_073551,1,Train,0.9878039603760818,1
QFG01688,0,Train,0.00029778611832398594,0
QEO75985,1,Train,0.9969451567331852,1
QED88026,1,Train,0.9874347731740059,1
QCW07226,0,Train,2.882259851493345e-05,0
AZU90731,1,Train,0.9549625177102333,1
AQN78704,1,Train,0.9987131253884105,1
AY613953,1,Train,0.9999999604222558,1
QKV43811,0,Train,0.00012130027304059384,0
ASR18938,0,Train,6.18658324940701e-05,0
AYR18513,0,Train,0.0004411962657720038,0
ANA67922,0,Train,3.983071142253736e-05,0
AVU05424,0,Train,6.0260202244802424e-05,0
QKV43781,0,Train,4.47895516476649e-05,0
QCI31469,1,Train,0.9460639439791881,1
QCQ19966,0,Train,0.00016960150155396832,0
AIR95864,0,Train,8.681062242008382e-05,0
AGT51650,1,Train,0.9993067948957676,1
AYR18461,0,Train,0.016562769049993376,0
AIY60528,1,Train,0.9353810125130504,1
AIA62220,0,Train,1.2694409935099185e-06,0
QKN89963,0,Train,9.852784515457952e-06,0
DQ084199,0,Train,0.0024895027528583046,0
DQ412042,0,Train,0.0010808377584544154,0
ACJ35486,1,Train,0.1991600180063605,0
FJ882929,1,Train,0.9541021970131314,1
AKJ21947,0,Train,4.463819715014494e-05,0
QEG03748,1,Train,0.996112786580118,1
AIJ19445,0,Train,4.3935001691256454e-05,0
AGV08379,1,Train,0.9387247693201388,1
AFU35753,0,Train,1.3746851142029612e-05,0
ANI85746,0,Train,4.714387395031207e-05,0
AY687359,1,Train,0.9694565131503556,1
ATG31094,0,Train,1.576993265193543e-05,0
APQ31244,0,Train,0.0012292849396478847,0
ASA40097,0,Train,8.561849732154009e-05,0
AKJ21761,0,Train,4.77834971772199e-05,0
AFV46344,0,Train,9.644797653127166e-05,0
ANA67918,0,Train,0.0001649517728292773,0
ARE29961,1,Train,0.9932192862768944,1
ARJ54146,0,Train,6.0468866831632126e-05,0
ARB07438,1,Train,0.9791665488655149,1
AFG25760,0,Train,1.6095364730377635e-05,0
ANI85758,0,Train,4.5919148943448793e-05,0
AFD98820,1,Train,0.9948128564528885,1
ATN39872,1,Train,0.9992513093990063,1
ACT10876,0,Train,1.0318307430154228e-08,0
QHQ97044,0,Train,0.00015743083148332811,0
AFV09314,0,Train,7.607186688082328e-05,0
AYR18448,0,Train,0.01963081293978591,0
AGG55737,0,Train,2.3013851504243988e-05,0
ANA67913,0,Train,8.3758299641304e-05,0
ACT10887,0,Train,2.261115765577314e-08,0
AID56679,0,Train,5.3190258595264834e-05,0
AIN52112,0,Train,3.360041784980277e-05,0
ACJ66990,0,Train,0.06493867555953871,0
ABN10848,1,Train,0.8317287023927464,1
QDP16195,1,Train,0.92384303498224,1
AKJ21881,0,Train,5.32793329118755e-05,0
JX162087,1,Train,0.9726832108235722,1
ATG84910,1,Train,0.931233270459289,1
AYR18505,0,Train,0.0001158671784371311,0
AMD11130,0,Train,2.9911054484190658e-09,0
ASU45730,1,Train,0.9561282157193288,1
AGT51501,1,Train,0.9993448730165535,1
APF29071,1,Train,0.9940715677813747,1
AHX00711,1,Train,0.9759959366989329,1
AKJ21839,0,Train,4.552131272167413e-05,0
AY394992,1,Train,0.9489196927178936,1
KF569996,1,Train,0.6258483298175824,1
ACJ66946,0,Train,0.06897739766494695,0
DQ412622,1,Train,0.9583486008364169,1
QGA70692,0,Train,0.14015567409300647,0
AYR18591,0,Train,0.000211912123788781,0
QCQ19888,0,Train,3.4735487658028656e-05,0
QDF43805,0,Train,0.026882784837887242,0
MT782114,0,Train,0.037421080314973466,0
ABN10866,1,Train,0.8002348545583379,1
ARB07406,1,Train,0.9903174537554552,1
QCO95428,0,Train,1.7753718034365514e-05,0
QLH02028,0,Train,0.0002072332982921257,0
QGQ60228,0,Train,4.029898425678917e-05,0
AVN88332,0,Train,0.023854851884727288,0
AKJ22007,0,Train,4.7688877581939127e-05,0
AID56691,0,Train,4.690036497341254e-05,0
ANC28645,1,Train,0.9547255548039085,1
AQZ41296,1,Train,0.913369846808664,1
AGT51461,1,Train,0.9218920136405896,1
AKJ22115,0,Train,3.699872588071022e-05,0
AIV41819,1,Train,0.9992145067459576,1
AID56865,0,Train,4.844483279057493e-05,0
QKX95780,0,Train,0.000617328344380095,0
AVU05431,0,Train,7.86165220084533e-05,0
APH81306,0,Train,7.191198866141357e-05,0
AGW27863,1,Train,0.993388142790435,1
APX55517,0,Train,4.122506402972215e-05,0
ATG84679,1,Train,0.9557277590910747,1
AHB33326,1,Train,0.9481631765984186,1
AY394981,1,Train,0.9508221271260646,1
QMT62922,0,Train,5.276435668297788e-05,0
DQ412578,1,Train,0.9558489195197357,1
ACN89743,0,Train,0.0008262783889290499,0
JX993988,0,Train,0.0056114356197682815,0
ARK08635,1,Train,0.9990814263130624,1
FJ882940,1,Train,0.9598753729574608,1
AY394977,1,Train,0.957409237663644,1
AKH45338,0,Train,7.398172862425447e-05,0
AFB74179,0,Train,6.349700879778824e-05,0
AIN52124,0,Train,4.23676234036232e-05,0
EU371564,1,Train,0.9103407929380407,1
MT040334,1,Train,0.9711125764725335,1
QER78627,0,Train,0.0002194791323806146,0
ATG84701,1,Train,0.9337131670358856,1
AFX81108,0,Train,4.124522752648555e-07,0
AUG98119,0,Train,5.9470378272527316e-09,0
ANA67919,0,Train,3.461974427100406e-05,0
ASU45807,1,Train,0.9238305983163684,1
AXX83375,1,Train,0.9986208235656306,1
AHI48550,1,Train,0.9305836266108711,1
QGQ60324,0,Train,4.3285984692451625e-05,0
ARK08620,1,Train,0.9949666322225712,1
ALM09370,0,Train,8.773926802636711e-05,0
AHL38184,0,Train,5.2319041147136545e-05,0
ARE30017,1,Train,0.9995268278482013,1
QCQ19942,0,Train,0.00019627587839689348,0
QDF43800,0,Train,0.0011828400230825453,0
AYR18473,0,Train,0.0001992002697738192,0
ASU90142,1,Train,0.9511293259243766,1
AID56937,0,Train,4.337413695657976e-05,0
ABG89288,0,Train,0.051919777982219965,0
AMN88694,1,Train,0.9921160050310136,1
QBO24651,0,Train,3.1802529099664606e-05,0
QGQ60312,0,Train,8.110560540659427e-05,0
QCQ20032,0,Train,0.0001651618764550116,0
ASB30081,0,Train,0.00015452852522603304,0
AHI48517,1,Train,0.9470030735544402,1
DQ412043,0,Train,0.00550676939960945,0
ALJ52504,0,Train,8.187623271957415e-05,0
AKJ22211,0,Train,5.7227983649960075e-05,0
YP_009328935,0,Train,0.004350881164869708,0
AGV08467,1,Train,0.950568403863635,1
ASU90197,1,Train,0.9108819967829763,1
KU973692,0,Train,0.0019622277845019716,0
ALA49374,1,Train,0.9437153657132037,1
ANI85728,0,Train,4.6959590344814546e-05,0
ADC35472,0,Train,2.361225149007658e-08,0
ACN89723,0,Train,0.0024918706336006205,0
ASA40109,0,Train,6.877104948771866e-05,0
ANC28667,1,Train,0.9407658686539127,1
AHA38153,0,Train,4.473631721428889e-05,0
AY429075,1,Train,0.9578189731595532,1
AY559089,1,Train,0.980904825562223,1
QBP84740,1,Train,0.9996261001454732,1
ARK08661,1,Train,0.9976782713561528,1
AZL47228,0,Train,3.6415913271578096e-05,0
KC881005,1,Train,0.2995919160633399,0
ATG84734,1,Train,0.9364151555687453,1
KF569997,0,Train,0.592307276091183,1
AGT51441,1,Train,0.999209698182986,1
QKV43847,0,Train,0.00016482019193356424,0
GQ153543,0,Train,0.00284434506007105,0
AKN24803,1,Train,0.9110080826522956,1
AKJ21833,0,Train,6.900371821482663e-05,0
ALA50080,1,Train,0.782973660805651,1
ANI85752,0,Train,4.306240883751598e-05,0
AFX81098,0,Train,6.502793677504952e-07,0
AIE15935,0,Train,2.9878806883209452e-05,0
AY394978,1,Train,0.9551056098451386,1
AFR79257,1,Train,0.993868491217686,1
AMD11124,0,Train,4.676817509271095e-05,0
AIV42005,1,Train,0.9993802312006602,1
ASL24654,0,Train,0.0028354987230675534,0
ABD75617,1,Train,0.9885356561347599,1
QGW51898,1,Train,0.9341910728838638,1
AVU05480,0,Train,5.2834805120695424e-05,0
AMD11219,0,Train,6.431401463757975e-09,0
AY351680,1,Train,0.954927108596754,1
KF294457,0,Train,0.0011814749128028486,0
DQ514529,1,Train,0.9804425720048603,1
QCQ19996,0,Train,9.557277327999522e-05,0
AFU92086,0,Train,6.6299869794661e-05,0
AVU05347,0,Train,1.7189721461442828e-05,0
QED40659,0,Train,7.857674794008327e-05,0
ASA40091,0,Train,0.00010544043062545308,0
ADO39839,0,Train,5.229410744631207e-09,0
MG772934,0,Train,0.15614782923819812,0
AUF40275,0,Train,0.06486882092096792,0
AJP67414,0,Train,2.378146957667221e-05,0
DQ071615,0,Train,0.0011241691034418499,0
AMC39584,0,Train,3.801150863178352e-05,0
AHA38146,0,Train,3.964512222826313e-05,0
AFR79250,1,Train,0.9959472713710155,1
AKJ22049,0,Train,3.4451551807231974e-05,0
AVU05361,0,Train,7.974656320315072e-05,0
AXX83351,1,Train,0.9702377213021977,1
AVR40342,1,Train,0.9988122463748182,1
AFH55121,0,Train,7.194923764413379e-06,0
AKH45326,0,Train,0.00014463819596846408,0
KF514407,1,Train,0.961707296123583,1
KY417144,0,Train,0.30100320577520673,0
ANJ04717,0,Train,0.06563889147929876,0
APX55547,0,Train,3.847621240225227e-05,0
AKJ21815,0,Train,6.451831413113047e-05,0
AYR18455,0,Train,0.02239993034842232,0
AGY29650,0,Train,0.004090192458348447,0
AJP67444,0,Train,0.0008997980016006122,0
YP_001039971,0,Train,0.012529666061789613,0
AID57039,0,Train,7.17549763950929e-05,0
AXG21654,1,Train,0.944176744638808,1
AYJ71470,1,Train,0.9426114473214747,1
AGT51551,1,Train,0.9345493228430622,1
LC556375,0,Train,0.17114718631182893,0
QKV43793,0,Train,8.39902109308045e-05,0
AGT51680,1,Train,0.9394736441019016,1
ALA50165,1,Train,0.9948777945342465,1
QEG03785,1,Train,0.995891219700701,1
YP_009824982,0,Train,0.0029198842386135345,0
QCO95416,0,Train,3.290919197919831e-05,0
AOM53008,0,Train,0.000957601174073431,0
QKV43835,0,Train,0.00016084817849626055,0
ANI85764,0,Train,5.643554884962681e-05,0
AFB74177,0,Train,4.914732717363207e-05,0
ARB07425,1,Train,0.9936971900770293,1
GQ153548,0,Train,0.002547417124766569,0
AID56979,0,Train,6.635329223536719e-05,0
QBP84704,1,Train,0.9994843819335354,1
AKJ21845,0,Train,5.047883620367356e-05,0
AUG98130,0,Train,3.1438414602231523e-09,0
AWA45274,0,Train,3.912108076806043e-05,0
QGQ60330,0,Train,5.387050267040032e-05,0
AY394979,1,Train,0.9410133404535267,1
AFD98778,1,Train,0.9950323584359909,1
AWV57048,0,Train,4.7558687107778593e-05,0
QDE12097,0,Train,1.089067083229186e-05,0
AVK78147,0,Train,7.944047102903634e-05,0
ATG84877,1,Train,0.9233833777121704,1
AFE85962,0,Train,0.00024846581394927936,0
AZS18878,0,Train,0.0002578777484621687,0
ANA67912,0,Train,6.449383832353534e-05,0
QBF80532,1,Train,0.9151672160661353,1
ASU90527,1,Train,0.9207167763602704,1
ABD75513,1,Train,0.9945442044426009,1
AIN52118,0,Train,0.01855878657302043,0
ADL71446,0,Train,3.799145769997197e-08,0
KY417152,0,Train,0.4517721017672055,0
AFU35749,0,Train,4.493087100115817e-05,0
AIA62271,0,Train,0.0004611417460636501,0
ATP16757,1,Train,0.9304062541729213,1
YP_009200735,0,Train,0.0005216020403651639,0
ANY27037,0,Train,0.00011187743839740185,0
AID56727,0,Train,5.0311369041794926e-05,0
AXN73525,1,Train,0.9452066016967403,1
ANI69900,1,Train,0.8933799601100698,1
AY304490,1,Train,0.9504329323764011,1
AKJ22205,0,Train,3.0159984469236607e-05,0
AQN78680,1,Train,0.9996439586916385,1
QKV43727,0,Train,6.821912096535438e-05,0
ASL68941,1,Train,0.8392485607473341,1
AGT51324,1,Train,0.9904224408098646,1
YP_008439202,0,Train,0.11232522745494593,0
AWW13566,1,Train,0.9984602948971202,1
ASU90230,1,Train,0.9454852631685049,1
DQ412617,1,Train,0.952300078334131,1
AGT51451,1,Train,0.9305054470953705,1
AHN10812,1,Train,0.9283081904690552,1
QBA57552,0,Train,2.9596505776018207e-05,0
AZL47198,0,Train,0.0001742743940355579,0
APX55523,0,Train,3.945332834614481e-05,0
ANF29195,1,Train,0.932443093771765,1
AHX71946,1,Train,0.9479959795640706,1
ARB07599,1,Train,0.9927941498811412,1
AYR18400,0,Train,0.0002805896349940498,0
ADO39850,0,Train,1.5761194559504086e-08,0
ASY91957,0,Train,7.535440926316327e-05,0
AVK87340,1,Train,0.9021136446903751,1
ATG84723,1,Train,0.9168100483292457,1
QJY77970,1,Train,0.9975497903247946,1
AIV41903,1,Train,0.9993377688868457,1
ALA49341,1,Train,0.9267630453033928,1
QHA24665,0,Train,0.1396184140922593,0
AYR18493,0,Train,0.00017545816343370193,0
QCQ19858,0,Train,7.220124799295203e-05,0
AID56901,0,Train,3.621771049196145e-05,0
ALM09388,0,Train,5.4777722465137026e-05,0
FJ882963,1,Train,0.9621624316109869,1
ADO39817,0,Train,1.652941055245896e-08,0
AGT51610,1,Train,0.9427372552693183,1
QCO95422,0,Train,2.2776579563947368e-05,0
AWQ28488,0,Train,0.00018644406564003786,0
ANA67908,0,Train,6.22875349071527e-05,0
QEJ82215,1,Train,0.9238756259196832,1
QEQ55819,0,Train,3.7264774286524776e-05,0
AYR18599,0,Train,0.17832618613367812,0
AQN78768,1,Train,0.9989082338052628,1
ARE29990,1,Train,0.9990685910879692,1
AIV41897,1,Train,0.9395400830659073,1
AY429079,1,Train,0.9684991874108303,1
AGS12449,0,Train,4.596529563982685e-05,0
AY485277,1,Train,0.9408390387332337,1
AQT33894,0,Train,0.00012550881390115695,0
QGQ60276,0,Train,4.7936203061634276e-05,0
AGT51800,1,Train,0.9991859591139985,1
ALL26396,1,Train,0.9446902979017142,1
AAR01015,1,Train,0.9722067752103274,1
QCO95392,0,Train,4.956963817710106e-05,0
ANI85788,0,Train,2.5415632512194842e-05,0
AIV41999,1,Train,0.9993878596866128,1
AKJ21749,0,Train,3.384187141009669e-05,0
AXX83303,1,Train,0.9984061464149435,1
QCX35160,0,Train,0.0003779033315413924,0
QKV43829,0,Train,0.0001262750398357753,0
AY394999,1,Train,0.9561499188432078,1
QOU08625,1,Train,0.8925871649514946,1
AFE48827,0,Train,0.03775058909785569,0
AJO26983,0,Train,1.8242524964564506e-07,0
ABP38279,0,Train,0.07224939826428882,0
AKJ21887,0,Train,3.0083654882740115e-05,0
AAT84362,1,Train,0.9800321114612105,1
QCQ19912,0,Train,8.425971674101182e-05,0
AFE85969,0,Train,0.0008901403150752888,0
AQT26498,0,Train,0.08206086927743365,0
AEN19366,1,Train,0.9989417470214063,1
QMT62928,0,Train,0.00015176783568683286,0
QEE80059,0,Train,0.00016953059019409326,0
AY687360,1,Train,0.9809760907090133,1
QCT24237,0,Train,0.00030750996190986743,0
YP_009019182,0,Train,2.0454940162560882e-05,0
AZL47216,0,Train,0.00011182394930363614,0
AGT51561,1,Train,0.921397507627429,1
AY559090,1,Train,0.9392693441285902,1
ABP38306,0,Train,0.11309194290123556,0
AMN88686,1,Train,0.9936323997791863,1
AXN73437,1,Train,0.9169704623062154,1
ABP87990,0,Train,0.019794043928304417,0
QCC26602,0,Train,0.00020876427468804082,0
ALM09375,0,Train,8.065602295066034e-05,0
QCQ19798,0,Train,9.667405704473476e-05,0
AKO90055,0,Train,0.0003113243677798691,0
AKA65829,0,Train,5.3280650588282025e-06,0
ADL71466,0,Train,1.0786862765834645e-07,0
AWM11486,0,Train,0.00027753055427969995,0
AVU05494,0,Train,4.3719491047359756e-05,0
AYR18481,0,Train,0.0003565800197745698,0
AJP67402,0,Train,0.00010190020770419818,0
AID57063,0,Train,3.24020269743266e-05,0
QCQ19960,0,Train,0.0001297840552737407,0
MK211376,0,Train,0.40963265176404995,0
AYR18625,0,Train,0.001004125702183845,0
QEG03731,1,Train,0.9998566392465248,1
QOU12295,0,Train,8.623601199213929e-05,0
AIV41963,1,Train,0.9988225743099569,1
QED88040,1,Train,0.996038191919789,1
AFG19742,0,Train,3.728991881099241e-06,0
QCQ20074,0,Train,0.0008865898885074038,0
AY559091,1,Train,0.9928127083363243,1
ASY91956,0,Train,4.775889198136691e-05,0
ATN37896,0,Train,0.0011878228373755082,0
AWM11462,0,Train,2.8187156211072387e-05,0
ARK08642,1,Train,0.994215004820014,1
AIA62212,0,Train,0.00027300918376905976,0
ASU45719,1,Train,0.9299934152461105,1
AXX83321,1,Train,0.9985974010785144,1
AIV41855,1,Train,0.9991914481534702,1
ASL68953,1,Train,0.7091446330624775,1
AIV41891,1,Train,0.9985608168021826,1
QDF43790,0,Train,0.0004029895325075361,0
QBP84722,1,Train,0.999470128611716,1
ATG84833,1,Train,0.906609733063526,1
APG31005,0,Train,0.00037839254086816836,0
AGM75126,0,Train,0.0008480713451052486,0
AY394987,1,Train,0.9597679857211756,1
HQ890534,0,Train,0.9431957248032076,1
AYR18549,0,Train,0.003412095675632996,0
AGT51422,1,Train,0.9292958717139129,1
ABN10919,0,Train,0.004025437123071917,0
ALA49451,1,Train,0.9349742491345692,1
AVM80466,0,Train,9.20923459597769e-06,0
QCQ19816,0,Train,4.807752185978265e-05,0
AKJ21953,0,Train,4.82039088925248e-05,0
AVU05354,0,Train,7.875134326252636e-05,0
AKJ21719,0,Train,5.132458372114513e-05,0
ALL27302,0,Train,0.00010816395176770958,0
ARU07594,1,Train,0.9962887685079004,1
ARC95219,0,Train,0.044823077178794205,0
AZL47210,0,Train,0.00011011087356749621,0
AVZ61119,0,Train,0.11499203332828095,0
ANJ04974,0,Train,0.0610754782909269,0
DQ412619,1,Train,0.9593568604848166,1
AIV41921,1,Train,0.9993208129976395,1
ALW82691,1,Train,0.942514729590635,1
AFD98785,1,Train,0.9904195767788371,1
AKJ85723,0,Train,0.0005508635719652041,0
AJO27003,0,Train,4.2966987922363706e-08,0
ABQ57216,0,Train,1.5653816592479197e-05,0
AJP67450,0,Train,5.6521363327675464e-05,0
AIV41813,1,Train,0.9992912306693201,1
AHY22565,1,Train,0.951559440041369,1
ARE30008,1,Train,0.9994237075593166,1
ACT11019,0,Train,0.0850037338935149,0
ASU89966,1,Train,0.9247582460331742,1
AY559093,1,Train,0.9610645838566395,1
AID57087,0,Train,5.842561191571975e-05,0
AYR18442,0,Train,0.0005594513031789873,0
AVK87417,1,Train,0.9285234360399839,1
ASU90681,1,Train,0.9520875269858148,1
ASU90802,1,Train,0.9412400830671698,1
QED88019,1,Train,0.9925440358908535,1
AFD98750,1,Train,0.9980888686135676,1
QKV43799,0,Train,0.00024625577227613363,0
AZP03043,0,Train,8.161589225881849e-05,0
AZL47204,0,Train,3.4364426326337024e-05,0
QHQ97039,0,Train,0.0007328024750108787,0
YP_009824974,0,Train,0.00014430900491430924,0
AIV41777,1,Train,0.8980452222897527,1
YP_009273005,0,Train,0.00016263946953043036,0
ALL74066,0,Train,3.41929857989955e-05,0
QKV43733,0,Train,9.208664118023663e-05,0
AY394985,1,Train,0.9640177321325997,1
ADM33582,0,Train,6.872732365644378e-05,0
AJO26993,0,Train,6.525830381038901e-08,0
AKJ21941,0,Train,5.190430251678928e-05,0
AKN24812,1,Train,0.9445711368562576,1
QGV13484,0,Train,0.7148856191466895,1
AGN29320,0,Train,0.0008149869701180042,0
DQ514531,1,Train,0.9814820296769763,1
AKJ22193,0,Train,4.309504591553299e-05,0
QBO24669,0,Train,4.3193153328248465e-05,0
ANI85782,0,Train,2.7995134528516974e-05,0
AIV41873,1,Train,0.9977292299929911,1
AHI48528,1,Train,0.9307629381453193,1
QCQ20056,0,Train,0.00015206333248760952,0
AY648300,1,Train,0.9493560016104411,1
AKJ21773,0,Train,6.253420157483578e-05,0
MT040336,1,Train,0.9918194156472068,1
AID56685,0,Train,4.175436139729657e-05,0
AEK25521,0,Train,1.1774109121346464e-09,0
ALA50256,1,Train,0.9938868127079503,1
QCI31480,1,Train,0.9386095268090359,1
AFB74181,0,Train,0.0001425820904375866,0
QEG03740,1,Train,0.9980455019586988,1
AYR18616,0,Train,0.09865127265605625,0
YP_009256197,0,Train,0.000245759375712975,0
AY545919,1,Train,0.9589299876955574,1
AFD98834,1,Train,0.9931178856929329,1
AY278489,1,Train,0.9593279914669999,1
ASU90307,1,Train,0.9445505783127075,1
AH013709,1,Train,0.9006400322007139,1
ALA50144,1,Train,0.9951317275135786,1
ART85697,0,Train,6.597450064893777e-05,0
AID56721,0,Train,2.269089517419284e-05,0
AY572038,1,Train,0.9650700564322937,1
AIA62200,0,Train,0.04931014381212343,0
AFU92113,0,Train,0.0002823855526381449,0
AVU05340,0,Train,5.814967176287837e-05,0
AGT17769,1,Train,0.9941012232607264,1
AYR18585,0,Train,0.014013643283518009,0
AGZ84526,0,Train,7.274113915665203e-06,0
AID56871,0,Train,4.005549174180635e-05,0
ANC28678,1,Train,0.9556799935247667,1
QGQ60294,0,Train,7.473288016877138e-05,0
QGZ28404,0,Train,0.00022906398067587978,0
MK211377,0,Train,0.0018768091599933663,0
AFC98504,0,Train,2.935558473446525e-05,0
ASO96550,0,Train,0.0008195458987916155,0
QOE77268,0,Train,6.157750845414064e-05,0
FJ882956,1,Train,0.9636374422881885,1
QEG03776,1,Train,0.9766900568666398,1
ASU90549,1,Train,0.9374715066339863,1
ANA67917,0,Train,2.656027474283502e-05,0
AY304491,1,Train,0.9488612819391019,1
DQ412599,1,Train,0.9554926688629192,1
YP_009199242,0,Train,0.0007085743824451113,0
AQW35007,0,Train,5.187337149359619e-05,0
AVZ61129,0,Train,0.11308139677546587,0
QCQ19828,0,Train,5.923128035060831e-05,0
AQX36342,0,Train,0.00022307484489531875,0
QEG03757,1,Train,0.998463172075202,1
FJ882949,1,Train,0.9479071524099384,1
ANI85776,0,Train,7.322942239635235e-05,0
AY304495,1,Train,0.9599567255692861,1
AMD11197,0,Train,4.310019288274011e-09,0
ARE29967,1,Train,0.990524403411054,1
AIV41861,1,Train,0.9992688399352245,1
QDI73610,0,Train,0.6994269932056465,1
AY627048,1,Train,0.9689513699573729,1
AGT51760,1,Train,0.99737853682864,1
QEY10633,1,Train,0.8434341352639201,1
ARK08627,1,Train,0.993968494260191,1
QBR98161,0,Train,5.3109621178100523e-05,0
AUG98141,0,Train,3.947579233253752e-09,0
AY687368,1,Train,0.9729120655592479,1
FJ882931,1,Train,0.9649974266329843,1
QCQ19876,0,Train,0.00010432014954981553,0
AHY21469,1,Train,0.8530373454853291,1
AKJ22199,0,Train,5.314945881920878e-05,0
AKC34872,0,Train,9.946700536524545e-05,0
AFD98771,1,Train,0.9954835295097004,1
AJC98127,1,Train,0.9054714880687668,1
AHY22555,1,Train,0.9350971457042458,1
AYR18412,0,Train,0.00019589244823019932,0
AAL57308,0,Train,0.10593172471180483,0
QOC68774,0,Train,2.052221613559483e-05,0
QCC26581,0,Train,0.00011863021278397744,0
AVU05403,0,Train,6.5911860660807e-05,0
AID56895,0,Train,4.6227913772426225e-05,0
AIV41879,1,Train,0.9996595921928129,1
ALP06210,0,Train,6.455346260177007e-05,0
QBM11737,0,Train,0.7186145381378054,1
KY417143,0,Train,0.009425750083834984,0
AID56751,0,Train,8.370886538920198e-05,0
AFP81695,0,Train,0.0001257915963314404,0
JX993987,0,Train,0.0038055883804508474,0
DQ412614,1,Train,0.9497990824083953,1
AQK38168,0,Train,4.729896053301392e-05,0
AGW27872,1,Train,0.993869031789844,1
AID56793,0,Train,4.8670044028702044e-05,0
AVQ05264,1,Train,0.9358643101413189,1
ALW82742,1,Train,0.9260983260444102,1
QBF80499,1,Train,0.9269630579147774,1
AVU05389,0,Train,6.589562886959638e-05,0
KP886808,0,Train,0.00800248479318928,0
AZS52618,1,Train,0.9980248379175938,1
YP_001039962,0,Train,0.07543344109449567,0
QCQ20002,0,Train,0.00015148535949738892,0
YP_003029848,0,Train,1.6463864524402002e-05,0
AFE48817,0,Train,0.08388185120192365,0
ACT10865,0,Train,3.978850509809964e-09,0
APX55541,0,Train,7.956223407179729e-05,0
AY572036,1,Train,0.974569716041646,1
AVN89354,0,Train,0.7300605722007361,1
AWH65888,1,Train,0.764482536147742,1
AHN64783,1,Train,0.8006019764775648,1
ALA49649,1,Train,0.9432351468742467,1
AOM53015,0,Train,0.0010010366687770724,0
ATG84756,1,Train,0.9400672668177319,1
AXK47358,0,Train,2.1281972497823544e-05,0
ANA67923,0,Train,4.546529690162742e-05,0
QBF80598,1,Train,0.9138299022567982,1
QBA57545,0,Train,2.8504752678881516e-05,0
AHW40030,0,Train,3.573588192148951e-05,0
ATG84767,1,Train,0.935509008785656,1
AY463059,1,Train,0.9484129020322494,1
QGW51920,1,Train,0.9167699782613775,1
AGT17749,0,Train,0.0024575049899186944,0
GQ153542,0,Train,0.004568405819571838,0
AY515512,1,Train,0.9660468542649631,1
QGQ60264,0,Train,5.0357608502914214e-05,0
ALM31938,0,Train,5.528240818570097e-05,0
AGT21367,1,Train,0.9960552762059532,1
ASA40103,0,Train,7.034053742243076e-05,0
AY278554,1,Train,0.9648398936189654,1
AZU96327,0,Train,0.11239001437029264,0
QNC49740,0,Train,2.616311566380723e-05,0
QED40665,0,Train,7.804368479372033e-05,0
ATG84888,1,Train,0.9319432978163238,1
AKV62619,0,Train,3.839679579083244e-05,0
AFD97607,0,Train,0.00046600724560931186,0
ACN71196,0,Train,0.0008821771565319556,0
AVN89334,0,Train,0.789032651578146,1
AFI49431,1,Train,0.9920608841391126,1
GQ153547,0,Train,0.002052804513663943,0
AKP80631,0,Train,7.68315573839908e-05,0
ANA67916,0,Train,5.982987381386781e-05,0
AKJ22019,0,Train,3.3106671477961387e-05,0
AWH65921,0,Train,0.0045708144180401505,0
ACT10983,0,Train,0.08063139368298754,0
ALM09364,0,Train,5.66024232205918e-05,0
AQN78664,1,Train,0.9996632369177788,1
AY394988,1,Train,0.9654080864605703,1
ARD05999,0,Train,0.21072959082564127,0
YP_007188579,1,Train,0.9395638542995397,1
AYR18670,0,Train,0.0011127873806861539,0
AFO11517,0,Train,0.0470869020499185,0
ATQ39390,0,Train,0.0023355908204606523,0
QCB65300,0,Train,5.79900901721798e-05,0
AVN89376,0,Train,0.7414992515887063,1
AID56955,0,Train,3.726879261263417e-05,0
ASU90329,1,Train,0.9493925320939696,1
DQ514530,1,Train,0.9753099086347844,1
AMZ01557,0,Train,0.0001895911621624737,0
AFE48805,0,Train,0.082958062807376,0
AY310120,1,Train,0.9380554618244169,1
ACT10906,0,Train,8.267955258283418e-07,0
AKJ21923,0,Train,4.29162496654716e-05,0
ANI69824,1,Train,0.9529866335408271,1
AVU05473,0,Train,7.302337553966098e-05,0
QJG66103,0,Train,5.0315287148478716e-05,0
DQ412588,1,Train,0.9501651775603485,1
QCQ20044,0,Train,9.297820256642555e-05,0
AFB74180,0,Train,6.156904722598527e-05,0
MZ190138,1,Train,0.3303745254203785,0
AKL59401,1,Train,0.9466328455857124,1
ANA67921,0,Train,5.162051156163216e-05,0
AYR18531,0,Train,0.015897952496136944,0
ADL71486,0,Train,3.189033014968578e-08,0
ALA50151,1,Train,0.9943718255519596,1
AGT51481,1,Train,0.9959760946263096,1
MK211374,0,Train,0.012773765444239086,0
AGV08492,1,Train,0.9561112903597998,1
AVU05410,0,Train,5.0092624816026786e-05,0
AIN52130,0,Train,3.806207677155787e-05,0
EU371562,1,Train,0.948113413866075,1
QKV43739,0,Train,6.770845775399794e-05,0
AKS50244,0,Train,5.325133956416249e-05,0
QCQ19918,0,Train,3.405435107130762e-05,0
QED88012,1,Train,0.9944997755196865,1
AWH65910,0,Train,0.003947595099190289,0
AY772062,1,Train,0.9582891986780777,1
AIA62352,0,Train,0.7430781011236783,1
AID56673,0,Train,4.2569101084655984e-05,0
ASU90857,1,Train,0.8857646004581317,1
QDY92481,0,Train,6.810351876640204e-05,0
ARQ03269,0,Train,5.7703022096724e-05,0
ASU62488,0,Train,9.047220559145487e-09,0
AWW13511,1,Train,0.9994961065613439,1
AKJ22121,0,Train,7.42123626415118e-05,0
AVI57396,0,Train,4.319250109343764e-05,0
AFU35754,0,Train,3.989196307157698e-05,0
AYV64549,1,Train,0.897186574948906,1
AVN89291,0,Train,0.6936159213897988,1
AJD81440,1,Train,0.934281217931877,1
AKN24830,1,Train,0.9178679680380802,1
QCX35167,0,Train,0.0013604360274873612,0
ALA50249,1,Train,0.997676387181779,1
AXK47352,0,Train,0.00012693799233882267,0
AY429077,1,Train,0.9657830428253337,1
AKJ21905,0,Train,4.9820987008926623e-05,0
QGJ02389,0,Train,9.994262712522347e-05,0
AKJ22013,0,Train,4.312384614149198e-05,0
AGT51511,1,Train,0.9996479928277221,1
AKJ21959,0,Train,4.611197285617169e-05,0
AJC98135,1,Train,0.9425188804607268,1
AQY61719,0,Train,0.0001684046124302791,0
AHC03502,0,Train,4.726383376107872e-05,0
QEY10625,1,Train,0.8587008720576564,1
QCQ19990,0,Train,0.0001187419678429176,0
ADN03339,1,Train,0.9933911978875333,1
AQN78672,1,Train,0.9986044826118229,1
AZL47222,0,Train,9.999838168601554e-05,0
ABN10893,0,Train,0.005078909167274908,0
AMD11208,0,Train,6.663193965362689e-09,0
AHN64774,1,Train,0.8142551247681007,1
AY545915,1,Train,0.9746109290995588,1
DQ514528,1,Train,0.9705465636537417,1
AGH58717,1,Train,0.8649846401369183,1
ABG89335,0,Train,0.0008640867416037541,0
AKJ22175,0,Train,5.476242770885835e-05,0
AXE71621,0,Train,1.560589036526577e-08,0
AJP67432,0,Train,1.6620898884488412e-05,0
YP_009755890,0,Train,0.0022145583197117936,0
AVN89365,0,Train,0.7755536536696979,1
QJF53986,0,Train,9.922453370528371e-06,0
ALM31944,0,Train,5.7719945671982814e-05,0
AMK59677,1,Train,0.8965114817454125,1
ASU91208,1,Train,0.9616704793190615,1
QOU08585,1,Train,0.9207236735744369,1
AKJ22085,0,Train,4.743739425866653e-05,0
AKJ22127,0,Train,4.6727543873536026e-05,0
DQ412596,1,Train,0.9527514228310331,1
QFG01706,0,Train,0.00011053915161177762,0
MT040335,1,Train,0.9870963928290208,1
DQ412627,1,Train,0.9586717354233676,1
ATG84866,1,Train,0.9700411240171586,1
AID56925,0,Train,5.431461894010742e-05,0
AY304486,1,Train,0.9483428102288368,1
ANC68207,0,Train,6.642119679904914e-05,0
AYR18430,0,Train,0.0001659185249188666,0
AXX83333,1,Train,0.998857194268743,1
QKV43713,0,Train,0.0003207895108068334,0
AYR18634,0,Train,0.0009188032009335238,0
AKJ21875,0,Train,3.5221103817354446e-05,0
QGA70702,0,Train,0.10817718781749396,0
QCQ20050,0,Train,0.0001494258802899846,0
ASU90373,1,Train,0.9002703112414702,1
AFU92122,0,Train,7.621400612124252e-05,0
QCQ19972,0,Train,0.00019430110776109589,0
AY687354,1,Train,0.9705001447124976,1
QKV43751,0,Train,7.78816375143326e-05,0
AY394980,1,Train,1.0,1
ASR18946,0,Train,0.01585356339866657,0
KJ473815,0,Train,0.0007872181652047677,0
AYR18652,0,Train,0.000923642642201992,0
YP_009194639,1,Train,0.9947584992338702,1
QKV43853,0,Train,0.0002191544318447238,0
AY687372,1,Train,0.9763370485664137,1
ASU89955,1,Train,0.9292419765559633,1
ABQ57224,0,Train,1.2754532891459968e-05,0
AJP67420,0,Train,2.4705585430667124e-05,0
AKJ21929,0,Train,3.571164050691519e-05,0
AY279354,1,Train,0.9610888317292382,1
QOE77287,0,Train,1.0391080857719369e-05,0
AXX83369,1,Train,0.9628398604116516,1
AYR18467,0,Train,0.00030450103227409934,0
KP886809,0,Train,0.006991990210093741,0
AHY22545,1,Train,0.945509580702557,1
ASU90791,1,Train,0.9315201361795371,1
ANA67909,0,Train,1.5050488024999105e-05,0
ACN89705,0,Train,0.00023909187951636824,0
ARC95203,0,Train,0.01603884129415055,0
AFO11507,0,Train,0.0557351468087367,0
QKV43817,0,Train,0.00018238555498383956,0
ACT10937,0,Train,7.862556822917492e-09,0
ARX11396,1,Train,0.9964204131155615,1
QBF80554,1,Train,0.9384835787947073,1
QLE11825,0,Train,0.00016964005662938026,0
QCC26588,0,Train,0.0001329304801886563,0
YP_009072440,0,Train,0.008724420925886923,0
QJY77946,1,Train,0.9912425413993249,1
QBF80488,1,Train,0.9524354081547804,1
AYR18418,0,Train,0.018223358819930226,0
ABD75625,1,Train,0.9959238094462506,1
QKV43787,0,Train,0.00014605338187260804,0
QAY31031,0,Train,0.00015113404047222115,0
QCQ19978,0,Train,0.00022266847662730382,0
FJ588686,0,Train,0.022379108830608698,0
AYR18424,0,Train,0.00027383997615856094,0
ASU90076,1,Train,0.9622369949044387,1
ANI85740,0,Train,5.432065832183891e-05,0
AY613952,1,Train,0.960293797029659,1
AY686863,1,Train,0.9693788087477463,1
ABD75609,1,Train,0.9933353125689742,1
ANI85818,0,Train,0.00012153908545420699,0
DQ412615,1,Train,0.9568923282831211,1
QCQ19870,0,Train,3.3736504009672285e-05,0
ACT10896,0,Train,3.8744837728712766e-08,0
AQW35013,0,Train,0.00023528780741506505,0
ANF29184,1,Train,0.9493212061694447,1
AXY04083,0,Train,9.320257920613947e-06,0
AZL47192,0,Train,5.073442724151609e-05,0
AIV41801,1,Train,0.9991497140542013,1
AVU05396,0,Train,3.875753018488697e-05,0
KY417151,1,Train,0.570597998367416,1
ABD75593,1,Train,0.9947291940649439,1
APX55511,0,Train,6.170422449258873e-05,0
AVI15000,0,Train,0.06661140277192171,0
AKJ21851,0,Train,5.253346113710022e-05,0
AKJ22133,0,Train,3.1722006284487476e-05,0
YP_003858584,0,Train,0.2729469847387148,0
YP_009389425,0,Train,5.533119305621839e-05,0
ASU90175,1,Train,0.9563271934918067,1
AUM60024,0,Train,0.049557399590940916,0
ACT10927,0,Train,9.357733355211202e-09,0
ART84250,0,Train,0.0003697733851426741,0
AUJ79484,0,Train,6.096508168204104e-05,0
AYR18567,0,Train,0.00023831946662826833,0
KC881006,0,Train,0.6369522123390202,1
AVU05445,0,Train,9.013854943093011e-05,0
YP_001552236,0,Train,1.1285310273388016e-05,0
ABG47052,0,Train,0.8515454110780333,1
ACN89696,0,Train,0.00020396401630684693,0
QCQ19882,0,Train,7.915467272338989e-05,0
QCQ19954,0,Train,0.00018799996748541882,0
ATY72306,0,Train,1.2945194562955877e-05,0
KY417149,0,Train,0.005756251151066465,0
ALR84908,0,Train,5.991025120787886e-05,0
AXN73514,1,Train,0.9364364831984977,1
QOU08497,1,Train,0.9290722112390316,1
FJ882950,1,Train,0.9704236799994775,1
AKN24749,1,Train,0.9388473947199986,1
QCQ20062,0,Train,0.00022933516391586593,0
AAL40400,0,Train,0.2752637863100071,0
QHD43124,0,Train,0.0001353170809522907,0
ASA69724,0,Train,4.232343939213248e-05,0
ACA52157,0,Train,0.010230493065514726,0
QBO24663,0,Train,3.5804475564621725e-05,0
AY572037,1,Train,0.9773514340516138,1
KJ473813,0,Train,0.0003406032728058606,0
AID56883,0,Train,3.8231431898933176e-05,0
AXN92228,1,Train,0.9314371547475784,1
AID56667,0,Train,6.124684733297968e-05,0
QCQ19846,0,Train,2.0539935894410467e-05,0
AYR18406,0,Train,0.0007527863893221182,0
AKJ21785,0,Train,3.848122196477739e-05,0
QKV43775,0,Train,0.00013031636986254728,0
QBM11748,0,Train,0.7136356612225873,1
APR64495,0,Train,0.00020112095978867288,0
ANI85800,0,Train,0.00022198313259079666,0
QEG03814,1,Train,0.9980876844120589,1
ACT10916,0,Train,1.0336167504153737e-07,0
AKJ21791,0,Train,3.8432318940920705e-05,0
ANA67920,0,Train,9.338541071517146e-05,0
QBF80611,1,Train,0.920474793920528,1
QCQ19936,0,Train,9.53499570630095e-05,0
ARK08651,1,Train,0.9975493868606655,1
ANA67915,0,Train,6.0672387241660516e-05,0
AY278490,1,Train,0.9709798768120091,1
ABI93999,0,Train,0.1566624431618113,0
ACJ66961,0,Train,0.07578334113949879,0
AKJ21863,0,Train,9.07729971516518e-05,0
DQ412606,1,Train,0.958039967709304,1
AXP07345,0,Train,0.7736047234638528,1
QGQ60216,0,Train,6.255866206536564e-05,0
YP_005454245,0,Train,0.0824808315759547,0
QCQ19906,0,Train,9.733349397255864e-05,0
AKJ21893,0,Train,7.16704735749068e-05,0
AYN64561,1,Train,0.989731451931015,1
QDZ36662,0,Train,3.127145574530334e-05,0
ASU90241,1,Train,0.968117344559819,1
AVY53336,0,Train,0.0001570564701250225,0
AMR60833,0,Train,3.926053552151849e-05,0
AMD11118,0,Train,4.012090994549205e-05,0
AFD98827,1,Train,0.9938370000142496,1
QNL24121,0,Train,1.1523336997934342e-05,0
AJP67396,0,Train,2.668061506696542e-05,0
AID56697,0,Train,5.008905499474927e-05,0
DQ412575,1,Train,0.9646531769738408,1
EU371560,1,Train,0.9653729861577421,1
ASU62499,0,Train,1.1958480320917258e-08,0
AY390556,1,Train,0.9599388353653469,1
ABP38313,0,Train,0.24680449064975973,0
QNS31084,0,Train,2.33087807355276e-05,0
ADO39828,0,Train,3.769492754894281e-08,0
ABP38253,0,Train,0.09187226476049713,0
QGQ60234,0,Train,5.7602154937197575e-05,0
ANI69878,1,Train,0.9582597211447409,1
AIV41795,1,Train,0.9076225153696444,1
ARK08679,1,Train,0.9978400997445782,1
YP_009824967,0,Train,0.0026460346781332134,0
QJY77954,1,Train,0.9946898863666697,1
AKJ22079,0,Train,3.472680321787126e-05,0
EU371563,1,Train,0.9386879112275248,1
KJ473811,0,Train,0.00182036192641638,0
AID57105,0,Train,3.298905495436833e-05,0
AIV41837,1,Train,0.9566119788576362,1
AID57003,0,Train,4.587685138888892e-05,0
AEQ55004,0,Train,4.755159059779747e-05,0
AKJ22073,0,Train,3.72746917597702e-05,0
AEQ61968,0,Train,0.0019148971529407703,0
AKJ21779,0,Train,5.621678811848518e-05,0
ADL71497,0,Train,2.5147004439811642e-08,0
AIX09799,1,Train,0.9993821786011812,1
KY417148,0,Train,0.0006701130066070353,0
ALM09382,0,Train,9.430692940041636e-05,0
QHA24718,0,Train,0.005758489316011108,0
ASU45696,1,Train,0.9416672151533465,1
QMU85417,0,Train,0.0006064770910198132,0
AAX85678,1,Train,0.9991350500112296,1
AKR05184,0,Train,3.616699725299669e-05,0
ALA49660,1,Train,0.9468057430256974,1
AIM47748,0,Train,3.7534606738536065e-05,0
QFG01712,0,Train,0.0003219281651294724,0
ASU90747,1,Train,0.9600666007749874,1
ASU90340,1,Train,0.9455672400463146,1
ALX27232,1,Train,0.948094561496899,1
ARA15429,1,Train,0.9949988391894324,1
ALB08472,0,Train,0.00020604946703569116,0
AZF86130,0,Train,0.00873724447890726,0
QBP84731,1,Train,0.9988842140286128,1
AIV41843,1,Train,0.9996523518626246,1
AY394997,1,Train,0.9557638239142433,1
AB257344,1,Train,0.9595055768489819,1
AKI29255,1,Train,0.9416227043348603,1
AWM11468,0,Train,0.0003197673146249905,0
ARE29979,1,Train,0.9890284102718552,1
ATG84899,1,Train,0.9059699539503002,1
AOS89611,0,Train,9.399710312205416e-05,0
ALB08311,1,Train,0.9569978579360671,1
ALA49462,1,Train,0.9405473435540828,1
HQ890538,0,Train,0.9561429887995633,1
AQZ41322,1,Train,0.9448085645746807,1
AXX83315,1,Train,0.9986240979764331,1
AGY31034,0,Train,5.483155342448758e-05,0
AXP98439,0,Train,1.682547254116237e-05,0
AH013708,1,Train,0.9545804931524292,1
ATI09437,1,Train,0.9971687213829943,1
YP_173238,1,Train,0.9956571625261927,1
QGQ60318,0,Train,3.4978379188062286e-05,0
APX42137,0,Train,0.00010783003727180263,0
QEG03803,1,Train,0.9690916707329852,1
QCQ19900,0,Train,3.5165192061414434e-05,0
ABN10857,1,Train,0.7242477665262584,1
AJP67456,0,Train,5.318086534292288e-05,0
AXX83339,1,Train,0.998574242376926,1
AY429076,1,Train,0.9661419482971548,1
QOC60266,0,Train,4.5018558122150555e-05,0
FJ959407,1,Train,0.9414365919209766,1
ABD75601,1,Train,0.9940652456424434,1
AGV08584,1,Train,0.9410047227715663,1
QHA24710,0,Train,0.00236265612086866,0
ABG89317,0,Train,0.0030771708547099753,0
QBF80543,1,Train,0.9048908626657509,1
ACN89763,0,Train,0.00024396553219887287,0
MT121216,1,Train,0.9185897102597327,1
AJO26973,0,Train,8.51847226774463e-08,0
AID56823,0,Train,5.329602505515291e-05,0
MT782115,0,Train,0.03424817284922051,0
ASU90010,1,Train,0.9388530161238514,1
AIV41831,1,Train,0.9784965934605349,1
AHF20045,0,Train,3.606147260152871e-05,0
QCQ19984,0,Train,0.00014980961374957456,0
ANI69835,1,Train,0.9689894370456064,1
AY613950,1,Train,0.9700623674643013,1
YP_009199609,0,Train,0.0003742078323571386,0
AJW67223,0,Train,0.0008607896026043825,0
AZL47234,0,Train,6.725328921070224e-05,0
AID56709,0,Train,7.283439150376528e-05,0
AY687370,1,Train,0.9634758273443463,1
QCO95410,0,Train,1.2808147521455602e-05,0
QHA24671,0,Train,0.0002790350313503927,0
QCO95398,0,Train,2.051650211874205e-05,0
AKJ21917,0,Train,4.812525736016206e-05,0
ACT10959,0,Train,5.497246449524846e-09,0
AST13215,0,Train,0.0002685348826234466,0
QCQ19834,0,Train,5.763954082832733e-05,0
AAX85669,1,Train,0.9827744514094321,1
ANA67910,0,Train,8.74539585221742e-05,0
ACJ66977,0,Train,0.05224531522841447,0
ADL71476,0,Train,6.516611686544232e-09,0
QBO24657,0,Train,8.217605201406196e-05,0
AIJ01335,0,Train,2.654160599243516e-05,0
APX42119,0,Train,0.00011666340650916166,0
ATG84745,1,Train,0.9236340797928136,1
AFU92095,0,Train,6.125606554154845e-05,0
DQ022305,0,Train,0.0027608279344931218,0
AIV41849,1,Train,0.9673952501812693,1
AIA62343,0,Train,0.010089698031045553,0
APX42113,0,Train,3.648181770706303e-05,0
QKX95789,0,Train,6.629510412430346e-05,0
AGT21360,1,Train,0.9957392516683622,1
AWV57054,0,Train,8.298065930742271e-05,0
QCQ19804,0,Train,9.193484689288442e-05,0
AY687361,1,Train,0.9646802426338877,1
QGQ60246,0,Train,6.303791004216006e-05,0
ABN10935,0,Train,0.007052040120619231,0
ABG89301,0,Train,0.0006231036058710546,0
QOV05164,0,Train,0.08096635271850003,0
QAS69029,0,Train,7.804965853825184e-06,0
ANJ04728,0,Train,0.04410311007215727,0
QJY77978,1,Train,0.9952330855178539,1
ALA49957,1,Train,0.9611448999648369,1
ANI69889,1,Train,0.7133421668810893,1
ANY27031,0,Train,6.590842633682329e-05,0
AY559081,1,Train,0.9617894074544278,1
MT799521,1,Train,0.9116707891371054,1
AGT51690,1,Train,0.9973682576904941,1
QBQ01839,1,Train,0.9673686647167169,1
QOC68600,0,Train,8.954241946581266e-05,0
AIV41993,1,Train,0.9990298267387159,1
AZN28593,0,Train,2.7920013586225075e-05,0
AFG25750,0,Train,4.818371965898083e-05,0
AVP25406,0,Train,0.003639929232523976,0
AGT51345,1,Train,0.9863401488915712,1
ALW82753,1,Train,0.9629841544330913,1
AVN89313,0,Train,0.6922858016559362,1
FJ882957,0,Train,0.9532829591745476,1
AYR18679,0,Train,0.0009225590050913354,0
QCQ20014,0,Train,0.00014657252054293797,0
AGG55750,0,Train,4.610208864859125e-05,0
AIV41783,1,Train,0.9688572991711212,1
ASU90406,1,Train,0.9377905152024536,1
YP_009199790,0,Train,9.885778876716129e-05,0
AKS50238,0,Train,4.759092261471588e-05,0
FJ882942,0,Train,0.9522724101250023,1
QKV43745,0,Train,0.00010539181626589279,0
AGV08390,1,Train,0.944348798417692,1
AY572034,1,Train,0.9672686831430347,1
AGT51521,1,Train,0.9977688579451501,1
ADI80523,0,Train,0.0011491434634643722,0
ASB16887,0,Train,8.153827431443057e-09,0
QDF43840,0,Train,0.00015700273741202725,0
ABD75553,1,Train,0.9953790508593222,1
KJ473816,0,Train,0.11765285477250027,0
AIA62234,0,Train,0.00010465937230685368,0
ASU90362,1,Train,0.9668071243882056,1
AID56733,0,Train,5.165794185502749e-05,0
ADB28907,0,Train,9.84883972864171e-05,0
AZP53858,0,Train,0.00027052870559916104,0
AST12964,1,Train,0.9881450497734833,1
AFW97360,0,Train,0.09844033316154968,0
AWH65877,1,Train,0.7714192759297805,1
AFP23843,0,Train,0.00010388300342279684,0
AGT51380,1,Train,0.9982073935599034,1
QCQ29075,1,Train,0.9320189621156704,1
AFU35750,0,Train,1.9964867890743722e-05,0
ALU34112,0,Train,7.526992544439496e-05,0
AID56943,0,Train,5.941734950824898e-05,0
QAT98898,0,Train,0.7344408224998862,1
AY687371,1,Train,0.9662192442964342,1
AKJ21965,0,Train,4.163438462311204e-05,0
ASU89944,1,Train,0.9574865194836499,1
AID66720,0,Train,5.268520255278718e-05,0
QOE77277,0,Train,3.275062502306231e-05,0
MT799523,1,Train,0.8955794512980986,1
AHA38139,0,Train,5.161540723056263e-05,0
AWH65899,1,Train,0.7907958928115149,1
AMD11142,0,Train,3.284671733743332e-09,0
AY278487,1,Train,0.9681863066750659,1
YP_209233,0,Train,0.00017611275886882436,0
AJP67426,0,Train,2.8443057224105363e-05,0
AEN19358,1,Train,0.9992698015714949,1
ABP38236,0,Train,0.059106856719032735,0
AGT51366,1,Train,0.9891049004522644,1
AIV41957,1,Train,0.9985700782360172,1
QEY10657,1,Train,0.8473019158067575,1
AMB66488,0,Train,0.0005080721276785553,0
AY429072,1,Train,0.9470043888397996,1
QKV43841,0,Train,0.0003576954095645659,0
QDY92469,0,Train,3.921773926780524e-05,0
AJD07366,0,Train,1.6344474399421437e-05,0
AY714217,1,Train,0.961041443419729,1
QGQ60258,0,Train,5.743534949433124e-05,0
ABD75529,1,Train,0.994073237516864,1
AY525636,1,Train,0.9636202129953282,1
AQT01349,0,Train,0.0005564697348915368,0
AYR18499,0,Train,0.0001271664657574615,0
AHA38132,0,Train,4.249522357657461e-05,0
ANI85806,0,Train,0.00017281410904817888,0
AGT51570,1,Train,0.9982010184586168,1
AXX83297,1,Train,0.9756767526893364,1
ABG89325,0,Train,0.0010264478620908883,0
QOE44934,0,Train,0.00014393842433687621,0
AVI57403,0,Train,0.03186881621577346,0
AWM11492,0,Train,5.398777399473211e-05,0
DQ412628,1,Train,0.9558257446473939,1
ALA49671,1,Train,0.957433386692407,1
ASW30994,0,Train,0.0013579210663568187,0
QKV43769,0,Train,0.00013096060474547205,0
MG772933,0,Train,0.08846580450127692,0
AHI48583,1,Train,0.930814873323941,1
QBA57558,0,Train,0.00013226528922836606,0
ABD75545,1,Train,0.9920834299713361,1
DQ412594,1,Train,0.9587584375182339,1
AID56775,0,Train,5.068789226662665e-05,0
AJH76957,0,Train,0.00018209310389693745,0
AVV61900,1,Train,0.938713245801434,1
AXX83309,1,Train,0.968677066275787,1
AXX83327,1,Train,0.9714671348790705,1
ATP16767,1,Train,0.9256328295995124,1
AIX09807,1,Train,0.9992756421445925,1
AGT51600,1,Train,0.9966538363090061,1
AIV41969,1,Train,0.9991260316663868,1
KY417142,0,Train,0.0013671530196009039,0
AQN78744,1,Train,0.9996757583003162,1
QKF94914,0,Train,0.00031156245159055107,0
AKJ21821,0,Train,3.24362726260279e-05,0
MZ190137,1,Train,0.48925041750563314,0
AFU35747,0,Train,3.510210992401387e-05,0
QCQ19852,0,Train,5.90973090027611e-05,0
QOU08574,1,Train,0.9322420778605897,1
AVV64341,0,Train,0.07542256130774104,0
ALA49352,1,Train,0.9486774866107082,1
QNL24139,0,Train,9.178999018221942e-06,0
ACT10970,0,Train,7.049129609894281e-08,0
AID56715,0,Train,7.845644986604208e-05,0
AIA62227,0,Train,0.00017013475543881535,0
ADM33566,0,Train,5.821261859991938e-05,0
AIV41789,1,Train,0.9501211789547712,1
KY417147,0,Train,0.0010855275171735648,0
ASU90186,1,Train,0.9310996124110188,1
AFU92070,0,Train,5.9640528560738755e-05,0
ASU89988,1,Train,0.9519749738820261,1
QCQ20068,0,Train,0.00030492374618322883,0
AVU05375,0,Train,9.625644385193075e-06,0
AQZ41285,1,Train,0.9214611973186523,1
ASU91010,1,Train,0.943056629179612,1
AKE47378,0,Train,7.768343658189857e-05,0
AGT51620,1,Train,0.9995742858648583,1
ARK08670,1,Train,0.9287389796274499,1
QHB92364,0,Train,0.00010111597686558553,0
AGT51590,1,Train,0.936725878221709,1
AKJ21725,0,Train,5.429861910537662e-05,0
AXN73370,1,Train,0.9427545021653381,1
AFW98998,0,Train,0.00011815495147918021,0
AVU05417,0,Train,5.9847473249756906e-05,0
ARM65496,0,Train,5.6351809907941104e-05,0
AUM60014,0,Train,0.03345623291790579,0
AY429073,1,Train,0.9532231023505704,1
QCQ19810,0,Train,4.2769844523873234e-05,0
AEK25511,0,Train,2.830090807223026e-09,0
ANA67924,0,Train,2.8724014611855933e-05,0
NC_014470,0,Train,0.2729469847387148,0
MT072864,1,Train,0.9893322838259134,1
ALM31932,0,Train,3.803622672842e-05,0
AYR18561,0,Train,0.000323300816494984,0
QHA24703,0,Train,0.0003263499924444127,0
AY687362,1,Train,0.9576544067746665,1
AGN52936,1,Train,0.863183351034833,1
AY687356,1,Train,0.9751281994794562,1
AY687355,1,Train,0.9669699983503199,1
AOC38021,0,Train,0.0001972324430093385,0
AGT51491,1,Train,0.9995214410357148,1
AMQ48993,1,Train,0.919966060944179,1
APG30998,0,Train,0.000204512768348366,0
AGT51790,1,Train,0.9993041223355169,1
AKJ22001,0,Train,4.161772196527853e-05,0
YP_009380521,0,Train,4.621011924068399e-05,0
APD51499,1,Train,0.659635165119766,1
MK211378,0,Train,0.005843194175168925,0
AWH65932,0,Train,0.002814991478030143,0
ALA50130,1,Train,0.9949211833206819,1
AGA94620,0,Train,4.7188072930084094e-05,0
AJP67438,0,Train,9.082721288844592e-05,0
QGQ60240,0,Train,5.343361590176773e-05,0
QFP92265,0,Train,3.094205384830084e-05,0
AB263618,1,Train,0.9541459119075786,1
AVZ61109,0,Train,0.050153414206030755,0
ANA67905,0,Train,9.040700594671375e-05,0
YP_001718612,0,Train,1.4826104585164498e-06,0
ATN23889,0,Train,9.361070546205383e-06,0
AVK87318,1,Train,0.9123658732871412,1
KF367457,1,Train,0.6598489009482688,1
AIA62206,0,Train,0.0058701823257017215,0
ANI85812,0,Train,5.129756384479575e-05,0
YP_003767,1,Train,0.9965426260872094,1
AFB74182,0,Train,4.9484628035312045e-05,0
NP_058424,0,Train,0.0009055067901685798,0
ALL27308,0,Train,4.442994818038527e-05,0
AKP80596,0,Train,3.9523799746642846e-05,0
ANI85734,0,Train,4.950413417050481e-05,0
JX163926,1,Train,0.9371202855827481,1
YP_009336484,0,Train,1.1211834670581554e-05,0
AZP73840,1,Train,0.9977521944276727,1
AFB77234,0,Train,2.484247845882954e-05,0
YP_001039953,1,Train,0.7788249220780954,1
ALB08322,1,Train,0.9488077969376612,1
AYR18573,0,Train,0.00022794411136293713,0
YP_001351684,0,Train,0.004763743875474096,0
QBP84713,1,Train,0.9988264063387531,1
MT799524,1,Train,0.9168896010800367,1
AFU35751,0,Train,3.835988578792514e-05,0
AQN78736,1,Train,0.99972671477238,1
AVN89387,0,Train,0.7260552956839014,1
QCO95404,0,Train,1.4176707647066736e-05,0
AY707461,1,Train,0.9992615822864152,1
ABC72414,0,Train,0.0008203719079574608,0
AXN92260,1,Train,0.916457192382756,1
ATN37888,0,Train,0.0027651659030895506,0
ACT10995,0,Train,0.08622535265119062,0
AGT51541,1,Train,0.9418099306943071,1
ADL71455,0,Train,3.962053967627949e-08,0
AKV62755,0,Train,0.013049403146816334,0
KY417145,0,Train,0.004886869826119892,0
AYF53093,0,Train,2.6441965367728116e-08,0
AWK59931,1,Train,0.9934651983443066,1
QOU08541,1,Train,0.9214470124740624,1
AKJ22061,0,Train,4.569622281917519e-05,0
AZF86118,0,Train,0.0013326124584251645,0
ABP38243,0,Train,0.1218174579367384,0
ANF29272,1,Train,0.9337501010730282,1
AWM11456,0,Train,3.628660580976072e-05,0
ABN10884,0,Train,0.004226181483620008,0
AY613948,1,Train,0.96759230867854,1
ASO67377,0,Train,0.00017891876443345528,0
AYR18555,0,Train,0.01626946214761902,0
YP_006908642,0,Train,0.0007757324789334015,0
AKJ21797,0,Train,4.030233353746616e-05,0
AHM88217,0,Train,6.2250152199649e-05,0
AFP36389,0,Train,2.0818822354111815e-05,0
AGT52080,0,Train,1.0926734904982007e-08,0
AMD11230,0,Train,5.255519147236075e-09,0
QCQ19822,0,Train,3.626178960174547e-05,0
QFG01700,0,Train,8.369626732773924e-05,0
ALD51904,1,Train,0.9211324001143437,1
ARA15421,1,Train,0.997501737944612,1
AID56763,0,Train,5.030847301629218e-05,0
AMD11175,0,Train,3.804655027014419e-09,0
ARC95227,0,Train,0.06499651452115646,0
AFH55111,0,Train,5.284299057627082e-06,0
AVU05452,0,Train,0.0002914454275102263,0
ARM65490,0,Train,0.02289643287253394,0
AKH45344,0,Train,0.00014179890876397634,0
KY417150,1,Train,0.9661703970718188,1
KT444582,1,Train,0.9610000659129865,1
MN996532,1,Train,0.9627785559969795,1
AY274119,1,Train,0.9486379696446794,1
AY278741,1,Train,0.9572090257314398,1
ATY72312,0,Test,4.46375189548106e-05,0
QDP16206,1,Test,0.8153971014972056,1
AVU05368,0,Test,1.5298081569093522e-05,0
QCQ20038,0,Test,0.0002774678465469798,0
AQN78776,1,Test,0.9990530589125876,1
ALA49363,1,Test,0.9395189870593449,1
AVN89324,0,Test,0.811907683215805,1
QKV43721,0,Test,4.621095269851925e-05,0
AIN52136,0,Test,5.249132787119333e-05,0
QCQ19864,0,Test,4.9078993201949266e-05,0
ASU90516,1,Test,0.9310495619383747,1
AWM11474,0,Test,6.109416679867089e-05,0
QEY10641,1,Test,0.6365606028489752,1
QHA24724,0,Test,0.0002486330330091246,0
AID57057,0,Test,5.381669695667868e-05,0
AY687365,1,Test,0.9689934818549756,1
KY352407,0,Test,0.029701957763732197,0
QKV43763,0,Test,6.14523794729785e-05,0
YP_009513010,0,Test,0.0448862721701965,0
QKV43823,0,Test,0.00011162207071461076,0
ASU90604,1,Test,0.9378629927644011,1
QEG03767,1,Test,0.9961072326232391,1
AH012999,1,Test,0.9515017812094586,1
APD70934,0,Test,4.210247053376012e-05,0
AVK87439,1,Test,0.897507106891463,1
AWM11498,0,Test,4.592421255931859e-05,0
AY627045,1,Test,0.9677341008118595,1
AMD11186,0,Test,3.695972167157136e-09,0
AKJ22091,0,Test,1.7276260286218538e-05,0
AKJ22037,0,Test,4.92225810888847e-05,0
ANI85794,0,Test,3.0990412547854026e-05,0
AZS27725,0,Test,9.454224302829633e-05,0
AIZ48760,1,Test,0.8787854935514045,1
AIN52094,0,Test,3.76693048817461e-05,0
AGT51412,1,Test,0.9574226918278458,1
ANI69922,1,Test,0.93338834433289,1
ACT11030,1,Test,0.1767559746142924,0
AKJ21731,0,Test,3.1923461462776214e-05,0
DQ412609,1,Test,0.9599132312241165,1
FJ882941,1,Test,0.9646708403120987,1
QFG01694,0,Test,9.73243464060308e-05,0
AIV42011,1,Test,0.9990866744482321,1
AFU35752,0,Test,3.110892950215217e-05,0
AKP99781,0,Test,0.0007532159973259892,0
AKJ21857,0,Test,5.680515000910471e-05,0
QID98969,0,Test,1.0588463933965005e-05,0
AID56703,0,Test,9.943370590511742e-05,0
AKJ21737,0,Test,3.941601286448258e-05,0
QKV43805,0,Test,0.00016374410753221543,0
ASU45818,1,Test,0.9391497565773033,1
QDM36987,0,Test,2.59505788185985e-09,0
ALA50137,1,Test,0.9950276921667003,1
QHA24687,0,Test,0.01424229265653099,0
AWU59321,1,Test,0.9521737177710446,1
AID56787,0,Test,7.620475430198386e-05,0
QGQ60306,0,Test,6.096066597470511e-05,0
DQ412623,1,Test,0.9590553792742432,1
AFD98806,1,Test,0.9944255386757366,1
AY394986,1,Test,0.9585067932458345,1
AY429074,1,Test,0.9450829252590245,1
AVK87450,1,Test,0.937675820180099,1
AJP67408,0,Test,0.00016505346282668515,0
AGT51700,1,Test,0.9984111275344122,1
AVR40344,1,Test,0.9977037130476994,1
AY654624,1,Test,0.9663530632653957,1
AVI15011,0,Test,0.12542472730474077,0
ARC95211,0,Test,0.03655655067925204,0
AGK89914,0,Test,0.0001643693850521594,0
AFB74178,0,Test,7.506980140768809e-05,0
QHA24696,0,Test,0.027355812323537634,0
ALF39589,0,Test,0.00033874481339304387,0
AKJ21743,0,Test,4.414608622908845e-05,0
AID56781,0,Test,3.8042923639623057e-05,0
AFU92131,0,Test,0.00011307900417900619,0
QED88033,1,Test,0.9982061148973512,1
QCB65306,0,Test,0.00016900232878789496,0
ACN89722,0,Test,0.00021698009537696398,0
ALA49473,1,Test,0.9525195595591585,1
AHI48539,1,Test,0.9443887413360569,1
AMD11153,0,Test,3.662332119614652e-09,0
DQ648856,0,Test,0.0009853870604639534,0
AXX83381,1,Test,0.9981710969353692,1
DQ640652,1,Test,0.9708587339923785,1
ALL26409,1,Test,0.9434952933418622,1
AIF73541,0,Test,0.00013788322702143065,0
AQN78656,1,Test,0.9985612285693033,1
AYR18519,0,Test,0.014674416370455374,0
DQ514532,1,Test,0.9611357086371525,1
ALB08246,1,Test,0.9500282651126316,1
ADM33574,0,Test,0.00043784329387346635,0
AKP80589,0,Test,4.670661024035283e-05,0
ALA50123,1,Test,0.9975204336689764,1
AUZ98436,0,Test,0.0007468103242484461,0
AYR18643,0,Test,0.0007865279093102617,0
JX163927,1,Test,0.9482271690283446,1
AIF73529,0,Test,5.089307681473599e-05,0
AGT51630,1,Test,0.9980470954562082,1
AIV41945,1,Test,0.9992324041570471,1
YP_009201730,0,Test,0.004686838837453226,0
APD51491,0,Test,0.0014705053332831257,0
GU553363,1,Test,0.9480672045931942,1
YP_009555241,1,Test,0.9827147732105233,1
AYR18436,0,Test,9.928360315780185e-05,0
YP_001718605,0,Test,0.006150926400253386,0
ABG89306,0,Test,0.0005367281325978857,0
ALA49803,1,Test,0.9724250361068699,1
AIK69675,0,Test,4.20865770709198e-05,0
AIV41909,1,Test,0.9990761572638448,1
AID57099,0,Test,5.243353264327231e-05,0
NP_150077,0,Test,0.04015102855232143,0
AXX83345,1,Test,0.9983393304525106,1
AKP80603,0,Test,5.423231101613751e-05,0
AY304488,1,Test,0.9233598845154035,1
QEY10649,1,Test,0.6384975721626991,1
AKS50222,0,Test,4.69181319317759e-05,0
ACN89742,0,Test,0.00010141477111509826,0
AYR18607,0,Test,0.0008502857022624513,0
AY304489,1,Test,0.9481570175731525,1
ABN10927,0,Test,0.0005901173053072644,0
AFG19726,0,Test,4.039867441897729e-07,0
ALA50067,1,Test,0.9501959417371013,1
AFU35748,0,Test,6.934181540616288e-05,0
ADM33558,0,Test,0.0004094086073699059,0
ANF29239,1,Test,0.9366126394686376,1
AKM76239,1,Test,0.9389681935250349,1
QEG03794,1,Test,0.9965248602708195,1
AGG55745,0,Test,0.0007883015592844668,0
ATG84855,1,Test,0.9500871423980024,1
ANI85770,0,Test,5.40522490472277e-05,0
KJ473814,0,Test,0.005761933578782345,0
AHY61337,0,Test,0.002599843639224473,0
AVZ61099,0,Test,0.17016804566435606,0
KJ473812,0,Test,0.000348366336722516,0
ALA50088,1,Test,0.9971810232398096,1
AY627047,1,Test,0.9648035527498164,1
QOV05175,0,Test,0.03545944306984822,0
QNC49746,0,Test,2.30304644059184e-05,0
AY559097,1,Test,0.21461553899283706,0
AYL64492,0,Test,0.00015850492871310082,0
AKJ22139,0,Test,6.542873282535836e-05,0
AKJ21713,0,Test,6.0663488526611795e-05,0
AWW13519,1,Test,0.9994763766506106,1
ASU90439,1,Test,0.9446553132595137,1
AOL02453,1,Test,0.9992947182217679,1
AIV41885,1,Test,0.9988117991467237,1
AKJ21767,0,Test,3.841332145081661e-05,0
QEH62669,0,Test,7.240246576682056e-06,0
AJO27013,0,Test,6.075197014496194e-08,0
QBF80521,1,Test,0.9109235534775026,1
ABD75497,1,Test,0.995055906017625,1
AY613947,1,Test,0.9788944120074287,1
APF29061,1,Test,0.9926974398826937,1
APD51507,1,Test,0.016146771759911697,0
QCC26595,0,Test,8.238275370457627e-05,0
AHY04230,0,Test,5.515442548152968e-05,0
AFD98757,1,Test,0.9982625811594674,1
ACO72884,0,Test,0.0026987235114270106,0
ABD75505,1,Test,0.9957046730607788,1
DQ648857,0,Test,0.006569530820693037,0
AGT51331,1,Test,0.9943645103729611,1
QHA24678,1,Test,0.831527890389587,1
AIV41987,1,Test,0.9992557544650293,1
AKJ21755,0,Test,5.09215094298351e-05,0
AYR18525,0,Test,0.0063083324537804115,0
QDF43795,0,Test,0.0012774445889399896,0
ABC70719,1,Test,0.9939221215211984,1
ACT10854,0,Test,2.8477938367195865e-08,0
ALR74757,0,Test,0.00011857587194160953,0
GQ153544,0,Test,0.002519144005447862,0
QBF80565,1,Test,0.9003772922280101,1
QMS54764,0,Test,0.0006645296516479086,0
AKJ22103,0,Test,7.003247554246189e-05,0
FJ882951,0,Test,0.9498284387219548,1
AYR18537,0,Test,0.004229362060651874,0
ALM09394,0,Test,5.293018459590662e-05,0
AYR18579,0,Test,0.0065895029196836735,0
ANA67914,0,Test,0.00013585203884884008,0
AID57021,0,Test,4.40279066854263e-05,0
KY417146,1,Test,0.7681334142418857,1
FJ882960,1,Test,0.9542673473145825,1
AYR18487,0,Test,0.0007504391478950619,0
ART85704,0,Test,5.482290478760261e-05,0
AXS67925,0,Test,0.0006732763138677949,0
QEE80071,0,Test,0.00041256016849343635,0
MT040333,1,Test,0.9813038762729811,1
AVK78141,0,Test,3.5974895883420934e-05,0
AFR54326,0,Test,0.00020308196327639902,0
YP_009113025,0,Test,0.0039021336676756716,0
AGY31022,0,Test,5.674854839345411e-05,0
YP_009047204,1,Test,0.902098658743101,1
ALA49396,1,Test,0.9503878080643511,1
AGT21345,1,Test,0.9965538710859175,1
QNL24130,0,Test,9.275663321945648e-06,0
FJ882944,1,Test,0.9592594726710969,1
ASY04643,0,Test,1.3074774195400585e-05,0
ALM09359,0,Test,4.975130581638407e-05,0
QCQ19924,0,Test,0.00013021253593712096,0
QCQ19930,0,Test,0.0001106843560043053,0
QED58401,0,Test,3.674303003991427e-05,0
ANF29261,1,Test,0.9494174243017454,1
QCQ19840,0,Test,6.30857351488817e-05,0
QJF53977,0,Test,1.0066632347743463e-05,0
QER90704,0,Test,0.12834764301736976,0
ANA67911,0,Test,5.922406397771303e-05,0
QBM00061,0,Test,0.000313487551304572,0
ADC35461,0,Test,3.31944526549207e-08,0
YP_009724390,1,Test,0.8722977372992354,1
